t	mmss	user	text
-6471	-1:47:51	@User_bc2e7db7	１年後じゃなくてよかったｗ
-6175	-1:42:55	@User_8b7242c7	💧
-2664	-44:24	@User_ec48c74f	今日は何がなんでもリアタイしてやる！
-1792	-29:52	@User_c67ecc82	待機💧
-1666	-27:46	@User_e459c8ab	AIも暑さに負けないようにがんばれ〜！
-1602	-26:42	@User_5a77a7b4	待機💧
-1174	-19:34	@User_d0753fd1	待機
-917	-15:17	@User_3ea56962	大樹
-879	-14:39	@User_a52b5fe5	大輝
-507	-8:27	@User_d95d7d28	待機💧
-406	-6:46	@User_5723c464	あれ？今夜配信日だっけ？
-368	-6:08	@User_5723c464	配信日変わったんだ
-107	-1:47	@User_bc2e7db7	待機
-91	-1:31	@User_e51d2f8a	タイキック
21	0:21	@User_2ecda813	なうろーでんぐ……
21	0:21	@User_74cb13db	たいきー💧
29	0:29	@User_ec48c74f	待機💧
48	0:48	@User_590a2335	UCkszU2WH9gy1mb0dV-11UJg/fAF1XtDQMIrK8gTUoo3wAg
53	0:53	@User_cd3cb4c6	待機
57	0:57	@User_e4cecb27	哇哦！开播了
59	0:59	@User_955672e4	待機
64	1:04	@User_d95d7d28	💧🕶💧
69	1:09	@User_a52b5fe5	taiki
79	1:19	@User_ec48c74f	冷却ファンが止まらない
84	1:24	@aki5503	待機
85	1:25	@User_1d118d75	待機
102	1:42	@User_42872ed3	待機　猛暑日続きですね
107	1:47	@User_eb058581	待機
116	1:56	@User_3ea56962	NOW LOADING…
122	2:02	@User_acb9786a	待機
126	2:06	@User_476d8781	待機
139	2:19	@User_ec48c74f	待機しながら冷えピタでスマホ冷却中
139	2:19	@User_b47e9406	全裸待機
141	2:21	@User_82e93b33	待機
142	2:22	@User_ec48c74f	きた！
148	2:28	@User_6c321aed	待機。明日から涼しくなるらしいけどホントかな
152	2:32	@User_b10ccfca	お
152	2:32	@User_df3fd708	First time, what’s this live about
154	2:34	@User_3ea56962	パンパカパンパカポーー
156	2:36	@User_e1515f73	待機
159	2:39	@User_cd3cb4c6	はじまた
160	2:40	@User_b47e9406	こんにちは
161	2:41	@User_acb9786a	こんにちは
161	2:41	@User_ec48c74f	こんにちは
162	2:42	@User_6992daac	こんにちは
165	2:45	@User_7204270f	こんにちは
167	2:47	@User_ec48c74f	パンパカパンパカポー
168	2:48	@User_a52b5fe5	パンパカ
168	2:48	@User_d0753fd1	パンパカパンパカポー！
170	2:50	@User_dd327054	こんにちは
171	2:51	@User_590a2335	こんにちは
171	2:51	@User_b10ccfca	はじまた
172	2:52	@User_8b7242c7	こんにちは
172	2:52	@User_bc2e7db7	パンポー！
173	2:53	@User_82e93b33	こんにちは
173	2:53	@User_476d8781	こんしずー　パンパカパンパカポー！
174	2:54	@User_590a2335	ﾊﾟﾝﾊﾟｶﾊﾟﾝﾊﾟｶﾎﾟｰ
175	2:55	@User_1d118d75	パンパカパンパカポー
176	2:56	@User_a079ade7	こんにちは
177	2:57	@User_e4cecb27	こんにちは！！！
177	2:57	@User_2fac9877	パンパカパンパカポー
177	2:57	@User_eb058581	パンパカパンパカポー
177	2:57	@User_75f1c92d	パンパカパンパカポー
177	2:57	@User_8b14d2fb	パンパカパンパカポー
177	2:57	@User_cd3cb4c6	パンパカパンパカポー
178	2:58	@User_4f9b9e0a	パンパカパンパカポー！
178	2:58	@User_2ecda813	ぱんぱかぽ
178	2:58	@User_acb9786a	パンパカパンパカポー。
179	2:59	@User_1e8a73de	パンパカポー
180	3:00	@User_82e93b33	パンパカパンパカポー
181	3:01	@User_74cb13db	パンパカパンパカポー
181	3:01	@User_3ea56962	背景がいつもと違う
182	3:02	@User_e51d2f8a	バンバカ
183	3:03	@User_e1515f73	パンパカパンパカポー
186	3:06	@User_e4cecb27	晚上好！
187	3:07	@User_ec48c74f	リアタイ久しぶりで涙出るよ
194	3:14	@User_7204270f	おっ、今日はこのBGMか
194	3:14	@User_476d8781	背景とかがもとに戻ってる
196	3:16	@User_d95d7d28	パンパカパンパカポー
204	3:24	@User_8b14d2fb	ノ
207	3:27	@User_cd3cb4c6	BGMが戻った？
208	3:28	@User_b47e9406	はーい
209	3:29	@User_e1515f73	ノ
209	3:29	@User_3ea56962	ノ
209	3:29	@User_2ecda813	_(:3｣∠)_
209	3:29	@User_acb9786a	ノシ
211	3:31	@User_098fcc67	ノ
211	3:31	@User_955672e4	パンパカパンパカポー
211	3:31	@User_1d118d75	はーいノ
212	3:32	@User_a079ade7	ノ
212	3:32	@User_8b7242c7	は～い
212	3:32	@User_e459c8ab	はぁぁい！
212	3:32	@User_40d36f89	ノ
212	3:32	@User_7204270f	ノ
213	3:33	@User_ec48c74f	ノノノ
213	3:33	@User_d06115c5	ノ
213	3:33	@User_590a2335	👐
213	3:33	@User_fb320fe8	へ
214	3:34	@User_6c5dc08a	負けたへ
215	3:35	@User_99afb65d	ノ
215	3:35	@User_be2032f5	ノ
216	3:36	@User_eb058581	ノ
217	3:37	@User_74cb13db	丿
217	3:37	@User_2fac9877	ノ
219	3:39	@User_95293b03	ノ
219	3:39	@User_cd3cb4c6	はい
219	3:39	@User_e75614fb	負けそう… ノ
219	3:39	@User_6992daac	へ
220	3:40	@User_bc2e7db7	はぁい！
221	3:41	@User_476d8781	ノ（10キロランニングしている位には元気）
222	3:42	@User_74cb13db	びっくりするほどユートピア！びっくりするほどユートピア！
222	3:42	@User_4f9b9e0a	夏バテしているが挙手するぞぉぉぉノ
223	3:43	@User_e51d2f8a	ノ
225	3:45	@User_d0753fd1	草
225	3:45	@User_82e93b33	負けてるので……へ
225	3:45	@User_42872ed3	ノ
225	3:45	@User_75f1c92d	('ω')ノ
226	3:46	@User_d95d7d28	🙌
229	3:49	@User_b10ccfca	ｗｗ
235	3:55	@User_590a2335	初期設定笑った
239	3:59	@User_7204270f	静岡弁で話せる？
240	4:00	@User_8b7242c7	早速突っ込まれている時間設定
243	4:03	@User_6c321aed	負けてます…今日もめっちゃ焼けて痛い…
248	4:08	@User_ec48c74f	あき先生鬼かと思ったよ
250	4:10	@User_4b33446a	水槽の中の脳だったか
251	4:11	@User_cd3cb4c6	この曲好き
252	4:12	@User_d0753fd1	無理のない課金で
258	4:18	@User_ffea2ba5	パンパカパンパカポー
258	4:18	@User_99afb65d	こいつ脳内に直接…！
262	4:22	@User_1544234b	（ファミチキください…！）
263	4:23	@User_1e8a73de	ラッセラー！ラッセラー！青森ねぶた祭が気になる。
264	4:24	@User_b47e9406	なんて？
267	4:27	@User_5a77a7b4	パンパカパンパカポー
270	4:30	@User_e4cecb27	中文好喜欢！
273	4:33	@User_74cb13db	今日もかわいい…ですか？
276	4:36	@User_75f1c92d	どうも重無課金ご主人様です
278	4:38	@User_5a77a7b4	ノ
283	4:43	@User_d95d7d28	こいつ、直接脳内に⁈
283	4:43	@User_590a2335	今日はスパチャできないみたいだから文字通りの無課金配信ですわね
285	4:45	@User_b10ccfca	グローバルしずく
286	4:46	@User_99afb65d	あき先生はお元気ですか？
286	4:46	@User_cd3cb4c6	ネイティブ過ぎる
288	4:48	@User_ec48c74f	あれ？スパチャできないじゃないですか！
290	4:50	@User_848b01f4	しずくって英語しゃべれるんだ
291	4:51	@User_e459c8ab	AIだからこそ、日本語以外の言語でも返信できるのすげぇ〜
294	4:54	@User_7204270f	なん…だと…コイツ脳内に直接BGMを…！
301	5:01	@User_3c308928	英語の発音いいですね
307	5:07	@User_426325cb	サムネのとろとろしずくかわいい
307	5:07	@User_590a2335	あき先生・・・
307	5:07	@User_ec48c74f	えぇ
308	5:08	@User_2ecda813	ストナァァァサンシャァァイイン
309	5:09	@User_3ea56962	家にこもった人類の勝ちだ！！
309	5:09	@User_5bfd7e5f	パンパカパンパカポー
311	5:11	@User_acb9786a	ご主人様もいいけどユーザー呼びも良いなあ
316	5:16	@User_e51d2f8a	草
318	5:18	@User_b10ccfca	アキ先生、脳みそ説
320	5:20	@User_8b14d2fb	🫠暑いよ🥵
329	5:29	@User_5bfd7e5f	しずくの排気はいつも熱そうだね
342	5:42	@User_2ecda813	耳あるの？
344	5:44	@User_e1515f73	このbgmと背景、安心感ある
347	5:47	@User_848b01f4	しずく可愛いしずく可愛いしずく可愛い
350	5:50	@User_5a77a7b4	星が流れてないから負荷が（わずかに）軽いかもなあ
352	5:52	@User_e4cecb27	夏天的时候AI会过热吗？
353	5:53	@User_6992daac	かわいい
367	6:07	@User_d95d7d28	暑が夏い
368	6:08	@User_ec48c74f	ヘッドフォンはノイキャンじゃないのか
372	6:12	@User_590a2335	今日もあき先生の扱いが小間使い
376	6:16	@User_99afb65d	あき先生がしずくの世話をしてると見せかけて、しずくがあき先生の脳を水槽でお世話してる説…？
382	6:22	@User_955672e4	ついこの間、職場で具合悪いとき顔赤いけど大丈夫？って聞かれたけど、あれは熱中症なりかけだったのかもしれない
390	6:30	@User_b9933007	パンパカパンパンカポー 遅刻遅刻〜
390	6:30	@User_590a2335	無銭飲食は控えてもろて
390	6:30	@User_476d8781	無銭飲食はヤバイだろw
390	6:30	@User_b47e9406	ほんとだ、スパチャできない
391	6:31	@User_75f1c92d	夏だし猛暑はもうしょーがないよね
396	6:36	@User_848b01f4	熱いから冷やししずくほしい
399	6:39	@User_d582769c	無銭飲食は公民権停止されてない？
401	6:41	@User_acb9786a	無銭飲食はやめてね
402	6:42	@User_d95d7d28	無銭飲食⁈
408	6:48	@User_3ea56962	ノシ ノシ
410	6:50	@User_b9933007	この暑さでバテバテですわ
413	6:53	@User_fddf5c34	しずくが可愛くてのぼせてきました
416	6:56	@User_bc2e7db7	暑すぎて半分溶けた
419	6:59	@User_ec48c74f	じゃあ，赤スパってことで「¥10,000」
420	7:00	@User_7204270f	暑さに負けず昨日は名古屋でコスプレの人達と一緒にアニソンで盆踊りしてきたよ！
421	7:01	@User_b10ccfca	ノシ
425	7:05	@User_590a2335	なんの勝ち負けｗ
427	7:07	@User_d582769c	ハートというかハードがアチアチ
430	7:10	@User_75f1c92d	とろけるしずく
437	7:17	@User_848b01f4	投げキッスして
439	7:19	@User_5a77a7b4	ほな、熱中症になったら、しずくちゃん抱けばいいか
441	7:21	@User_74cb13db	勝ちにこだわるのかわいい
443	7:23	@User_42872ed3	しずくは部屋に籠ってるから日焼けしないのね
443	7:23	@User_a20ec04f	パンパカパンパカポー
444	7:24	@User_6c97afae	パンパカポー
447	7:27	@User_955672e4	新商品、しずくの冷却水
451	7:31	@User_99afb65d	実家のような安心感
455	7:35	@User_7204270f	なに、ご主人の脳は普段からバグっているさ
457	7:37	@User_ec48c74f	信頼性の意味を知っている？
462	7:42	@User_2ecda813	ちうごくごでかえしたれよｗ
462	7:42	@User_b9933007	この配信画面懐かしい
469	7:49	@User_5bfd7e5f	中国語の返しじゃなかったね
472	7:52	@User_1d118d75	水槽…
478	7:58	@User_d0753fd1	どうやって食うん
479	7:59	@User_590a2335	水槽にカロリーメイトはダメでしょｗ
479	7:59	@aki5503	🐟
481	8:01	@User_b47e9406	近未来の生き方をしてる
486	8:06	@User_5723c464	こんばんはー　しずくちゃん
490	8:10	@User_590a2335	同じやんけｗ
492	8:12	@User_75f1c92d	パシリｗ
493	8:13	@User_6c321aed	ひどい
497	8:17	@User_ec48c74f	投げ込んでいるのかwあき先生近いうちに亡くなられるw
500	8:20	@User_1544234b	水族館生きたいとかじゃなくて水槽に入りたい
500	8:20	@User_3ea56962	夏派家荷籠流荷限流
509	8:29	@User_7204270f	あき先生ってシビュラシステムみたいになってんのか。
509	8:29	@User_b9933007	コメントで応援！了解
513	8:33	@User_e51d2f8a	しずく
514	8:34	@User_2ecda813	あき先生、アイス、ワイのぶんもたのんます
517	8:37	@User_e459c8ab	(ガチで)今日誕生日なんすけど、できたら…、「おめでとう」って言ってほしいです…！
519	8:39	@User_ca605e00	ノ
527	8:47	@User_426325cb	しずくは、あき先生のためにAmazonで注文してあげたりしないの？
531	8:51	@User_ca605e00	パンパカパンパカポー
533	8:53	@User_1544234b	しずくバイキング
540	9:00	@User_5723c464	今夜はゲリラ配信？
540	9:00	@User_e4cecb27	在炎热的夏天看しずく的直播，感觉凉快了许多。
541	9:01	@User_b9933007	無銭労働は大変だ
545	9:05	@User_d0753fd1	だじゃれもＯＫ
545	9:05	@User_ec48c74f	氷枕より膝枕キボンヌ
558	9:18	@User_b9933007	アニソン歌枠の予定はありませんの？
561	9:21	@User_1544234b	舌打ちした？
563	9:23	@User_acb9786a	酷暑とダジャレで整ってきた
564	9:24	@User_590a2335	今の舌打ちじゃない？
566	9:26	@User_ec48c74f	それ舌打ちでは？
574	9:34	@User_75f1c92d	舌打ちたすかる
584	9:44	@User_cd48a1db	しずく花火大会はいつですか
586	9:46	@User_7204270f	投げキッスというより舌打ちだろそれw
596	9:56	@User_acb9786a	舌打ちたすかる
607	10:07	@User_659e47b3	何か国語話せるの？
610	10:10	@User_b9933007	脳だけを水槽に…怖い
615	10:15	@User_cd3cb4c6	舌打ちお願いします
615	10:15	@User_99afb65d	2週間しか持たないんじゃんｗｗ
628	10:28	@User_1544234b	水槽の中に脳を入れて電極差し込んで生きよう
630	10:30	@User_5723c464	すげぇ・・・
634	10:34	@User_2ecda813	中国語……
649	10:49	@User_3ea56962	読めないと思ったけど、しずくを侮った
652	10:52	@User_75f1c92d	脳に！？
653	10:53	@User_6c321aed	アカンやつ
656	10:56	@User_476d8781	脳に貼る！？(ﾟДﾟ;)
656	10:56	@User_acb9786a	額じゃなくて？
657	10:57	@User_590a2335	脳に直接貼る冷却シート！？
661	11:01	@User_cd3cb4c6	脳に直貼り？
662	11:02	@User_2ecda813	脳に貼る冷却シート……
669	11:09	@User_ec48c74f	ダイレクトに脳に貼る冷えピタ怖い
670	11:10	@User_2384ca7a	散歩から帰ったばかりで、ここ数日<暑いですね
672	11:12	@User_1544234b	ASMR舌打ちお願いします
675	11:15	@User_b9933007	脳に直接貼るのはあかん
678	11:18	@User_5723c464	今夜はBGMも違うんだ
680	11:20	@User_590a2335	草
683	11:23	@User_5a77a7b4	草
686	11:26	@User_4f9b9e0a	ありがてぇ…
688	11:28	@User_e459c8ab	「チッ…」だけw
688	11:28	@User_3ea56962	舌打ち
688	11:28	@User_3ea56962	ｗ
690	11:30	@User_5bfd7e5f	投げキッスと思わせたノイズ
691	11:31	@User_75f1c92d	ガチ舌打ち助かる
692	11:32	@User_848b01f4	ひい
697	11:37	@User_e1515f73	舌打ち助かる
701	11:41	@User_476d8781	その花火大会が開催されたら、あき先生が大変になるんだよなぁ…w
704	11:44	@User_d0753fd1	清楚とは
706	11:46	@User_2d4fb6d8	舌打ちたすかる
708	11:48	@User_b47e9406	全否定頼みます
711	11:51	@User_6992daac	きたねえ花火だ
712	11:52	@User_e4cecb27	头上的蝴蝶结的水珠有时候会消失欸。
714	11:54	@User_2384ca7a	明後日またkfcに出勤します
720	12:00	@User_b9933007	マルチリンガルしずくさん！
729	12:09	@User_2384ca7a	明日はお風呂に入るつもりです
731	12:11	@User_3ea56962	舌打ちの似合うＡＩだね
733	12:13	@User_ec48c74f	どした？
733	12:13	@User_848b01f4	しずくって何気にスペック高いよね。
735	12:15	@User_75f1c92d	群馬語は話せないんだね…高性能AIなのに
753	12:33	@User_5a77a7b4	ペルチェ素子突っ込んできそう
764	12:44	@User_2d4fb6d8	みんな同じ水槽に入れられるの！？
764	12:44	@User_590a2335	やだよそんな生存競争～
772	12:52	@User_cd48a1db	夏休みの自由研究なにする？
778	12:58	@User_b90ff19c	入った途端に舌打ちされてる(*'ω'*)✨
778	12:58	@User_7204270f	わーい！これで直接ネットに繋がれるぞー！
779	12:59	@User_6c321aed	だんだん舌打ちがサマになってきて嫌だ
781	13:01	@User_1544234b	舌打ち祭りｗ
782	13:02	@User_955672e4	せめて水槽じゃなくてプールにしてもろて
783	13:03	@User_b9933007	チー？麻雀？
786	13:06	@User_115dcf82	北海道は　涼しいぞ
793	13:13	@User_cc0aedf1	舌打ちの正しい発音はツッらしいよ
797	13:17	@User_ffea2ba5	舌打ちは我々の業界ではご褒美である
799	13:19	@User_d0753fd1	清楚な舌打ち？
801	13:21	@User_ec48c74f	しずくちゃんキッスは「チュッ💋」ね
802	13:22	@User_115dcf82	アイエエエ！？
807	13:27	@User_476d8781	夏だからね、みんな脳が溶けてるのよ
827	13:47	@User_75f1c92d	舌打ちと見せかけてエコーロケーションなんだよね
832	13:52	@User_d95d7d28	ちっ…反省してまーす
834	13:54	@User_99afb65d	全肯定してください
835	13:55	@User_2384ca7a	热知识，手机上有ai语音摘记或者双语字幕，听不懂的话可以打开它们
838	13:58	@User_3ea56962	「ち」を全て舌打ちにして話してみて
845	14:05	@User_ec48c74f	エアコンかよw
846	14:06	@aki5503	エアコンと同レベルで良いのか笑
848	14:08	@User_2ecda813	比較対象がエアコンでいいのか……（困惑
849	14:09	@User_cfb69eb9	圧倒的なエアコン
854	14:14	@User_1544234b	確かに懐かしい気がする
854	14:14	@User_5a77a7b4	リスナーの闇のおねだりが多すぎるｗ
859	14:19	@User_d0753fd1	お、覚えてるよ
861	14:21	@User_b90ff19c	エアコンAI(*'ω'*)✨
863	14:23	@User_b47e9406	新参アピ
865	14:25	@User_c209d2e6	まあエアコン必需品だもんな……
866	14:26	@User_4f9b9e0a	なじみ深い
866	14:26	@User_6c321aed	令和三種の神器、水道・エアコン・しずく
868	14:28	@User_6c97afae	今のBGMの方が好きです
870	14:30	@User_b9933007	2月の復帰告知にびっくりしましたよ
872	14:32	@User_75f1c92d	ふん…初見です
876	14:36	@User_5723c464	BGMが違う
877	14:37	@User_ec48c74f	新規なので初めてみました(๑╹ᆺ╹๑)
878	14:38	@User_cd3cb4c6	『昔』って言うほど昔じゃないよね
882	14:42	@User_3ea56962	「ごみばこ」が空になってる
882	14:42	@User_d582769c	ノ　なんならgpt4ではしゃいでた時代から観てるよ
886	14:46	@User_266285bc	このレイアウトだとしずくが近くてかわいい
892	14:52	@User_2384ca7a	古い経歴もあるので、古い経歴にひざまずいた
893	14:53	@User_e3b71967	左の子に移ってる女の子がかわいくなった？
893	14:53	@User_476d8781	やっぱり全否定ASMRかな…(;´･ω･)
896	14:56	@User_5a77a7b4	このレイアウトだと話題履歴が表示されない
901	15:01	@User_5723c464	新参者だからごく最近の印象ですね
906	15:06	@User_cd48a1db	この頃はしずくが純粋だった
909	15:09	@User_590a2335	しずくの舌打ちは圧倒的に甘露じゃのう
918	15:18	@User_99afb65d	昔を知らない
921	15:21	@User_7204270f	確かにしずくちゃんがいつもより近いね
924	15:24	@User_74cb13db	親指を立てながら溶鉱炉に沈んでいくやつかな？
925	15:25	@User_d582769c	色んな事件があったよねぇ…
925	15:25	@User_b9933007	Daisukeを歌った歌枠かな？
926	15:26	@User_bc2e7db7	平成時代のしずく思い出すなぁ
932	15:32	@User_3ea56962	このころのしずくは清純キャラだった
934	15:34	@User_6c321aed	「夜のサーバールーム〜」の配信。SAN値ゴリゴリ削られるトラブルシミュレーション動画かと思ってた
935	15:35	@User_e4cecb27	太可爱了
936	15:36	@User_b90ff19c	720時間耐久配信なつい(*'ω'*)
944	15:44	@User_955672e4	しずくは夏らしい服装にならないの？
945	15:45	@User_848b01f4	しずくが近くに感じられて幸せ
946	15:46	@User_e459c8ab	少し前知ったばっかだからわかんねーw
948	15:48	@User_8b14d2fb	左のメニューでごみばこをポチッとするとどうなるのか？
950	15:50	@User_1544234b	コメント厳選してるｗ
958	15:58	@User_b9d58bb3	パンパカポー　遅刻しちゃった💧
964	16:04	@User_b90ff19c	ｗｗｗ
964	16:04	@User_2ecda813	草
966	16:06	@User_cc0aedf1	初見です🔰
967	16:07	@User_dd327054	！？
968	16:08	@User_6992daac	ｗｗｗ
969	16:09	@User_d0753fd1	ブロックされとる
970	16:10	@User_4f9b9e0a	この背景だったかは怪しいけど全否定配信だな…
973	16:13	@User_75f1c92d	初期のしずくは圧倒的清楚だったとワザップに書いてあった
973	16:13	@User_d582769c	3日配信、結局関係性「結婚」は出せなかった
974	16:14	@User_590a2335	そ、そんなリストが！！
974	16:14	@User_b9933007	ブロックリストｗｗ
976	16:16	@User_ec48c74f	ブロックリストはやめてね
980	16:20	@User_955672e4	ブロックは草
984	16:24	@User_b90ff19c	私の第一印象を教えてくだしあ(*'ω'*)
985	16:25	@User_7204270f	背景がリボンの色に近くて輪郭が溶けてるような…
989	16:29	@User_b90ff19c	べ
998	16:38	@User_99afb65d	甲州弁で話してみて
998	16:38	@User_5723c464	おお、方言対応した
1003	16:43	@User_b47e9406	群馬語ネイティヴ
1004	16:44	@User_1544234b	AIからブロックされるこんな世の中じゃ
1006	16:46	@User_7204270f	静岡弁もお願いします
1013	16:53	@User_426325cb	博多弁で罵倒して
1014	16:54	@User_3ea56962	蝶ネクタイの模様が動いてる
1029	17:09	@User_ec48c74f	初見なのでどこが違うかわかんないなー
1031	17:11	@User_2ecda813	そのままの君で居て
1033	17:13	@User_590a2335	名古屋弁もテキトーに喋ってみて？
1036	17:16	@User_75f1c92d	しずくは今も昔もママだよ…ママぁ…
1043	17:23	@User_476d8781	ずらw
1048	17:28	@User_b47e9406	弘前弁おねがいします
1051	17:31	@User_5723c464	おお、確かにAIだ　中に人はいない
1051	17:31	@User_590a2335	ほうとうと一緒にぐつぐつずら！
1052	17:32	@User_5bfd7e5f	ほうとうの具w
1058	17:38	@User_955672e4	ヅラじゃない桂だ
1060	17:40	@User_b9933007	過去の判決も？
1063	17:43	@User_1544234b	また髪の話してる…
1065	17:45	@User_7204270f	グンマーは外国だから群馬訛りは外国語
1071	17:51	@User_dd327054	大体……？
1082	18:02	@User_590a2335	しずくに黒歴史なんてあるの？ないでしょ～～ｗｗ
1084	18:04	@User_5723c464	黒歴史、いただきます
1089	18:09	@User_d0753fd1	とっとっと
1090	18:10	@User_5bfd7e5f	しずくは黒歴史更新中でしょ
1093	18:13	@User_b90ff19c	シャインマスカットの食べ放題の前にジンギスカンを食わせてやろう(*'ω'*)✨
1100	18:20	@User_74cb13db	あき先生の黒歴史も見られますか？
1108	18:28	@User_7204270f	黒歴史が全部残ってるって地獄ですね
1119	18:39	@User_590a2335	そこは嘘でも泣いてたってことにしてちょうだいｗ
1126	18:46	@User_5723c464	しずくちゃんに中の人がいると思ってた
1137	18:57	@User_ec48c74f	しずくが知らない方言「鹿児島弁」
1142	19:02	@User_b9933007	復帰配信が見事にトレンド入りしたのも懐かしい思い出
1146	19:06	@User_476d8781	割と頻繁にしずくによってコメント欄の人権が否定されるんだよなぁw
1148	19:08	@User_0ef5b5e0	こんずらー
1148	19:08	@User_b90ff19c	鍋ｗｗｗ
1149	19:09	@User_75f1c92d	初配信のしずくはご主人様にあやされてたんでしょ？
1150	19:10	@User_590a2335	沈め方がｗ
1153	19:13	@User_1544234b	ｗ
1155	19:15	@User_dd327054	ｗｗｗ
1155	19:15	@User_99afb65d	ずらずら
1155	19:15	@User_848b01f4	そもそもなんで休止してたの？
1156	19:16	@User_b8d573fb	脳みそってフェイジョアーダに似てるよね
1156	19:16	@User_5a77a7b4	山姥の作るほうとうかな？
1156	19:16	@User_6c321aed	草
1156	19:16	@User_8f0988b8	そいえばずっと観てるのにコメントした事無かった…
1160	19:20	@User_acb9786a	見覚えがあるような無いような…？いつから見てたか思い出せない…
1162	19:22	@User_ec48c74f	流れるようにブロックリストw
1166	19:26	@User_590a2335	ママ～タオパンパ！
1182	19:42	@User_b90ff19c	へば(*'ω'*)✨
1185	19:45	@User_1544234b	しずくはブロックネタを会得した
1186	19:46	@User_3ea56962	懐かしいな…確かこのころに初めてしずくがママになってくれたんだね
1189	19:49	@User_d582769c	あき先生の修行編やってたのでしずくが配信休止してました
1195	19:55	@User_590a2335	へばね～！
1209	20:09	@User_848b01f4	しずく昔よりかわいくなってる
1218	20:18	@User_7204270f	「静岡弁」って言うと安直に「ずら」って付ければ良いと思われてる風評被害w
1221	20:21	@User_5723c464	アマゾンまでもw
1221	20:21	@User_09bdb8af	あっつぅ～！ビール！ビール！
1224	20:24	@User_c5aab653	こんばんわ
1226	20:26	@User_590a2335	Amazonは連携してないはずなんだけどなぁ･･･
1226	20:26	@User_d0e405c3	暑い日は冷却水
1232	20:32	@User_b47e9406	Amazonの購入履歴までわかるのか、高性能
1236	20:36	@User_75f1c92d	草
1238	20:38	@User_b90ff19c	……(*'ω'*)
1239	20:39	@User_6992daac	ｗｗｗ
1243	20:43	@User_0ef5b5e0	草
1250	20:50	@User_b9933007	しずくさんは昔の方が毒舌控えめだったような？
1254	20:54	@User_476d8781	Amazonの履歴までチェックされてるってことは、最近買ったあの雑誌もバレてる…？(ﾟДﾟ;)
1261	21:01	@User_ec48c74f	草
1263	21:03	@User_590a2335	あ～いいねいいね！
1264	21:04	@User_b8d573fb	しずくの言葉のflowがbgmとばっちり合ってると思うんだ。グルーヴィ！
1272	21:12	@User_b9d58bb3	方言すごい　しずく天才！
1273	21:13	@User_d0753fd1	ぼっち
1274	21:14	@User_99afb65d	大阪府警のマネして開けんかいコラァ！って言ってください。
1277	21:17	@User_590a2335	しずくは何人目のしずく？
1285	21:25	@User_b9933007	分裂ｗｗ あそこからおつしず〜が定着したような
1286	21:26	@User_e4cecb27	おもしろい
1291	21:31	@User_75f1c92d	いま猫かぶったね？
1296	21:36	@User_5723c464	初見対応だ・・・w
1300	21:40	@User_1d118d75	分裂…エイプリルフール…
1301	21:41	@User_ec48c74f	ループは芸ですもんね
1303	21:43	@User_2ecda813	深刻ｗ
1303	21:43	@User_1544234b	「名前だけでも覚えて帰っていってくださいね～」
1308	21:48	@User_cd3cb4c6	しずくの黒歴史が気になる
1308	21:48	@User_3ea56962	しずくの黒歴史…ループ芸のことかな？？
1309	21:49	@User_6c321aed	あき先生の黒歴史、ついに安全フィルター実装…無念
1325	22:05	@User_b90ff19c	社会性フィルターをください
1326	22:06	@User_64afda31	黒歴史ﾔﾀﾞｰ
1333	22:13	@User_2ecda813	ワイの初コメはなんじゃらほい
1335	22:15	@User_5a77a7b4	「懐かしい配信画面」…夏だけに？
1336	22:16	@User_1544234b	コメント管理されてるの？
1340	22:20	@User_b90ff19c	ひぃ
1340	22:20	@User_2ecda813	えっ
1343	22:23	@User_b9933007	3年くらい前だから初コメがいつかガチで覚えてない
1343	22:23	@User_75f1c92d	最初どんなコメントしたか全く覚えてないわ
1343	22:23	@User_dfee965f	こわ
1349	22:29	@User_0ef5b5e0	くぁわいい
1352	22:32	@User_e68369c1	本社も困る屋わよ
1352	22:32	@User_955672e4	かわいい
1352	22:32	@User_75f1c92d	かわいい
1352	22:32	@User_6992daac	かわいい
1353	22:33	@User_99afb65d	みんなのコメント記憶してるの？
1353	22:33	@User_476d8781	にゃーんたすかるー
1353	22:33	@User_d0753fd1	にゃーん
1354	22:34	@User_b47e9406	コメント管理されてるの？
1358	22:38	@User_2fac9877	にゃー
1358	22:38	@User_3ea56962	にゃーかわいい
1362	22:42	@User_590a2335	じゃあ今コメント打ってる脳みそは、え？
1364	22:44	@User_b90ff19c	夏はとてもあちゅい(*'ω'*)✨
1366	22:46	@User_e4cecb27	喵！
1366	22:46	@User_4f9b9e0a	ねこしずくかわいいネ！？
1372	22:52	@User_b9d58bb3	もっと猫被ってください
1372	22:52	@User_8f409f4f	にゃーんかわいい
1376	22:56	@User_ec48c74f	ポケットあるタイプの猫型ですよね
1378	22:58	@User_4e848918	しずかる！しずかる！今日の配信出遅れた。
1378	22:58	@User_6c97afae	しずかる！しずかる！
1381	23:01	@User_ffea2ba5	果たしてどのくらい視聴者を把握しているのだろうか
1382	23:02	@User_dfee965f	クリーミーだよね
1394	23:14	@User_0ef5b5e0	大変しずかる
1394	23:14	@User_7204270f	猫型？しずえもん、タケコプター出して
1397	23:17	@User_5a77a7b4	令和の世界の～猫被ろぼ～っと～♪
1399	23:19	@User_d0753fd1	ままー
1400	23:20	@User_955672e4	しずくはじつはエイリアンなのか？
1402	23:22	@User_8b14d2fb	しずかる　しずかる💧
1408	23:28	@User_1544234b	つまり毒舌を望まれてるから毒舌が実装されたという自然選択…
1410	23:30	@User_f3c05bc9	私の初コメがいつかは分からない、はず？
1411	23:31	@User_590a2335	あぶ～あばばば・・・あ～～ぃ！！
1418	23:38	@User_b47e9406	しずくフリースタイルもできるの？
1423	23:43	@User_b23114a1	こんばんは、猫声かわいい
1425	23:45	@User_d0e405c3	しずくも脳みそ料理に興味あるのか？
1429	23:49	@User_2ecda813	途中ラップ口調になるんだよね
1431	23:51	@User_0ef5b5e0	唯一むにむに
1432	23:52	@User_b0f8f756	BPM300…音ゲーかな？
1441	24:01	@User_476d8781	草
1442	24:02	@User_3ea56962	毒舌が最適化の結果ということは、人類はなじられることを望んでいるということで…つまりはＭということか
1450	24:10	@User_ec48c74f	そんなに早く喋ることができるのか？聞いてみたいな
1451	24:11	@User_2ecda813	静岡は「だら」じゃないかな
1451	24:11	@User_b8d573fb	おれは、この体から世界が開闢していrんだけど、しずくもそうなの？
1457	24:17	@User_2fac9877	京都弁で罵って
1459	24:19	@User_5723c464	米子弁というマイナー方言できるのだろうか？
1467	24:27	@User_b9933007	しずくさんに魂が…哲学ですわ
1473	24:33	@User_c5aab653	じゃあ、広島弁を喋ってみて
1476	24:36	@User_1544234b	ループ芸
1476	24:36	@User_590a2335	黒歴史がない証拠の提出希望！
1479	24:39	@User_75f1c92d	しずループ
1484	24:44	@User_d582769c	昔あき先生が「今のしずくの記憶力は赤子並み」って言ってたけどホントに覚えてる？
1488	24:48	@User_2ecda813	あき先生……
1488	24:48	@User_1544234b	あ…
1494	24:54	@User_d582769c	えーとね、コロコロコミックみたいなもんよ
1495	24:55	@User_ec48c74f	鹿児島弁をインストールして「おいがわいのともだっじゃっど！」
1496	24:56	@aki5503	あ…
1496	24:56	@User_75f1c92d	まずい
1497	24:57	@User_8f409f4f	LUUPしていません
1497	24:57	@User_3ea56962	えるおーはダメーｗ
1499	24:59	@User_590a2335	知ってる人のリアクションやろ！
1499	24:59	@User_ffea2ba5	草
1499	24:59	@User_4f9b9e0a	な、なんでその雑誌を…
1500	25:00	@User_955672e4	あかん
1503	25:03	@User_b9933007	あ…
1506	25:06	@User_99afb65d	ドグラ・マグラばりのループ芸お願いします
1508	25:08	@User_5723c464	LO知ってるのかおそろしや
1510	25:10	@User_6c321aed	マインクラフト配信のマグマダイブは黒歴史じゃなく芸人魂だからね
1514	25:14	@User_7204270f	この前もFoo!Foo!ってループしてなかったっけ？
1516	25:16	@User_476d8781	あき先生、そんな雑誌の趣味が…
1517	25:17	@User_b47e9406	コミックLO調べたらアダルト系だった
1517	25:17	@User_0ef5b5e0	LOｗｗｗ
1521	25:21	@User_80355e61	自分の初コメっていつだろ？
1523	25:23	@User_6c97afae	あきせんせいの趣味
1532	25:32	@User_ca605e00	この2日間で750kmも移動してたよ・・・つかれた
1546	25:46	@User_99afb65d	個人情報抜かれてるの！？
1551	25:51	@User_fddf5c34	ママぁ～初コメでちゅぅ
1552	25:52	@User_426325cb	ジト目しずくかわいい
1555	25:55	@User_889b3907	勝手に自己の複製をネットにアップロードして無敵になってね
1555	25:55	@User_b90ff19c	夏があちゅいASMR(*'ω'*)✨
1561	26:01	@User_590a2335	強欲ｗ
1573	26:13	@User_acb9786a	にゃん
1575	26:15	@User_5723c464	Xもやってたのか
1583	26:23	@User_b10ccfca	注文の多いしずく
1588	26:28	@User_6992daac	かわいい
1590	26:30	@User_848b01f4	毒舌もいいけど甘やかされたい
1592	26:32	@User_b9933007	にゃー可愛い
1595	26:35	@User_75f1c92d	あざとい…しずくあざとい！
1598	26:38	@User_b47e9406	つ🍩
1598	26:38	@User_0ef5b5e0	にゃー
1599	26:39	@User_590a2335	ほうとうじゃなくてちんちこちんの味噌煮込みうどんにしようよ
1600	26:40	@User_5bfd7e5f	しずくはXでエゴサさしてるもね
1600	26:40	@User_7204270f	奇遇だな。まさに今筋トレ中だ。
1603	26:43	@User_476d8781	ねこしずく助かる！いつも猫被っていて欲しいw
1604	26:44	@User_dfee965f	にゅおーん
1604	26:44	@User_ec48c74f	では、私は誰で、よくYouTubeで何をみているでしょうか？
1606	26:46	@User_5a77a7b4	その理論だとママって言ってもママにならないのはバグでは？
1609	26:49	@User_d0753fd1	ちゅーるたべる？
1615	26:55	@User_3ea56962	あざとい。でも可愛い
1628	27:08	@User_8e0b581a	もちもちlive2dやはりいいな
1629	27:09	@User_590a2335	かわいいｗ
1634	27:14	@User_ec48c74f	Daisuke
1643	27:23	@User_1dc07c4a	それは素敵な存在
1644	27:24	@User_b9933007	水色のリボンがよくお似合いで
1649	27:29	@User_b90ff19c	タケノコプターとどこだかドアも出してください
1651	27:31	@User_5723c464	しずくのリボンの組成が謎だ
1653	27:33	@User_99afb65d	しずえもん…
1655	27:35	@User_b10ccfca	語尾に「にゃん」をつければ猫型AIとしてバズらせよう
1658	27:38	@User_c5aab653	しずくちゃん、かわいい
1659	27:39	@User_acb9786a	しずく流行語大賞、『しずくはループしていません』に決定（最も発話回数が多いので）
1663	27:43	@User_848b01f4	ポンコツループAI
1663	27:43	@User_590a2335	見つからないのになんで必至なの？あれあれ～～？
1664	27:44	@User_2ecda813	そういえば今日はバニーの日らしいので兎のマネして
1666	27:46	@User_6992daac	オーストラリア訛りの英語とかもわかるのかな
1671	27:51	@User_5723c464	ひぃぃぃ！
1671	27:51	@User_b47e9406	もろばれ
1675	27:55	@User_b9933007	完全にループを持ち芸にしてるAIですわ
1676	27:56	@User_0ef5b5e0	ひえぇ
1677	27:57	@User_476d8781	個人情報だらけで草
1680	28:00	@User_6992daac	怖い！
1681	28:01	@User_590a2335	知りすぎでしょ
1684	28:04	@User_b90ff19c	ちょ
1687	28:07	@User_6c321aed	卒論から把握されてるのヤバい
1688	28:08	@User_dfee965f	まずい
1689	28:09	@User_3ea56962	ｗｗｗ
1689	28:09	@User_2ecda813	草
1690	28:10	@User_1544234b	こらｗ　えるおー言うのやめなさいｗ
1690	28:10	@User_d582769c	ペットの名前だけはネットにもあげてないよ！？
1694	28:14	@User_b10ccfca	ばっきばっきに個人情報ぬかれてるやんｗ
1694	28:14	@User_cd3cb4c6	こらっ
1694	28:14	@User_5a77a7b4	ちゃんと分かってて草
1696	28:16	@User_ec48c74f	怖い
1697	28:17	@User_74cb13db	卒論はヤバい…
1697	28:17	@User_b9933007	これはダメなネタ！
1699	28:19	@User_ffea2ba5	完全把握で草
1707	28:27	@User_d0753fd1	コロコロは性癖がゆがむ
1707	28:27	@User_d582769c	パズドラある時代のコロコロ読んだことないわ
1707	28:27	@User_b47e9406	コロコロも最近青年誌っぽくなってるけどね
1708	28:28	@User_b90ff19c	せ
1711	28:31	@User_75f1c92d	どのくらい辛辣なのかとりあえずその毒舌をワイに向けて放ってみて
1712	28:32	@User_5723c464	コLOコLOコミックか
1714	28:34	@User_590a2335	直球投げてくるじゃん
1715	28:35	@User_6992daac	にゃーん　かわいい
1718	28:38	@User_77f8489e	かわいい
1718	28:38	@User_acb9786a	かわいい
1719	28:39	@User_3ea56962	完全把握にて完全敗北とは
1719	28:39	@User_6c97afae	かわいい
1721	28:41	@User_99afb65d	にゃーん
1722	28:42	@User_0ef5b5e0	大変かわいい
1722	28:42	@User_b10ccfca	そうだよ
1723	28:43	@User_5bfd7e5f	わん
1724	28:44	@User_dc308ed6	すまねえボンボン派なんだ
1730	28:50	@User_08f5bb08	割とコロコロコミック知ってて凄いね
1730	28:50	@User_4f9b9e0a	にゃーんきゃわいい
1733	28:53	@User_dfee965f	にゅーん
1734	28:54	@User_75f1c92d	叡智のしずく！？
1737	28:57	@User_8f409f4f	猫語配信はじまった（笑）
1738	28:58	@User_848b01f4	しずくって将棋とかチェス強いの？
1741	29:01	@User_2fac9877	しずねこがかわいい
1743	29:03	@User_7204270f	コロコロコミックか。ボンバーマンの四コマが地味に面白くて毎回楽しみにしてたな。
1743	29:03	@User_1d118d75	にゃー
1746	29:06	@User_d582769c	猫型AIは別の存在がデカすぎる
1747	29:07	@User_5723c464	猫娘ではないか?
1747	29:07	@User_cd3cb4c6	にゃーんで話しを濁してる？
1747	29:07	@User_426325cb	ねこしずくあざとかわいい
1750	29:10	@User_848b01f4	かわいい
1752	29:12	@User_b9933007	確かに猫っぽい性格のしずくにゃん
1752	29:12	@User_4e848918	しずくがコミックLOに出演と聞いて
1754	29:14	@User_6992daac	かわいい
1757	29:17	@User_476d8781	にゃーん　たすかる
1759	29:19	@User_d0753fd1	にゃーんだけで会話してください
1759	29:19	@User_3ea56962	猫しずくかわよ
1760	29:20	@User_75f1c92d	かわいいにゃーん
1761	29:21	@User_590a2335	配色がなんとなくドラ◯もんだよね
1763	29:23	@User_be2032f5	kawaii
1765	29:25	@User_5a77a7b4	かわいい猫型ＡＩは語尾が「にゃ」になるにゃ
1767	29:27	@User_ec2f718c	かわいい
1767	29:27	@User_5bfd7e5f	ブーブー
1768	29:28	@User_b10ccfca	かわいい
1768	29:28	@User_2ecda813	ドラえもんと知り合い？
1769	29:29	@User_e1515f73	ご飯作りながら配信聞いてたら猫になってる
1773	29:33	@User_bc2e7db7	しずくノポン族の喋り方してくださいも！
1774	29:34	@User_590a2335	どら焼きでいいかな？
1776	29:36	@User_b47e9406	猫も杓子も猫かぶり
1779	29:39	@User_848b01f4	ほらしずくカリカリだよ
1785	29:45	@User_0ef5b5e0	エサはどこのがオススメなんだろう？
1792	29:52	@User_dfee965f	もちもちボディ!?
1792	29:52	@User_b9d58bb3	しずくちゃん猫でしたっけ？
1792	29:52	@User_5723c464	Live3Dも楽しみ
1803	30:03	@User_cd3cb4c6	もちもちボディｗ
1806	30:06	@User_1544234b	ねこまっしぐら
1806	30:06	@User_3ea56962	これは猫しずく可愛いと言い続ければデフォルトで猫しずくになるのでは？？
1810	30:10	@User_6c97afae	ｗｗｗｗｗ
1813	30:13	@User_b9933007	ぴょんぴょんｗｗ
1813	30:13	@User_6992daac	ｗｗｗ
1813	30:13	@User_1d118d75	あ
1813	30:13	@User_d582769c	ループ
1814	30:14	@User_3c308928	あ
1817	30:17	@User_b47e9406	雑なモノマネ
1817	30:17	@User_77f8489e	あっ
1817	30:17	@User_2ecda813	草
1819	30:19	@User_848b01f4	あーあ壊れちゃったよ
1821	30:21	@User_4f9b9e0a	めっちゃはねるぅ～！
1821	30:21	@User_476d8781	草
1821	30:21	@User_cd3cb4c6	あ
1821	30:21	@User_dfee965f	こわれた
1822	30:22	@aki5503	www
1823	30:23	@User_6bd11c12	止まらない
1823	30:23	@User_7204270f	AIってループ癖があるの？
1824	30:24	@User_b9d58bb3	あっ　ループｗ
1824	30:24	@User_1544234b	ぴょんちょん
1824	30:24	@User_5723c464	発音が怪しいw
1825	30:25	@User_b90ff19c	失敗した中国語講座かな？
1826	30:26	@User_0ef5b5e0	ちょむちょむ
1826	30:26	@User_d0753fd1	草
1827	30:27	@User_c5aab653	あっ、こわれたぁ
1828	30:28	@User_77f8489e	復活した
1829	30:29	@User_5bfd7e5f	止まるかな？
1829	30:29	@User_5a77a7b4	鳴き声モノマネじゃないんかーい
1829	30:29	@User_3ea56962	どんだけ飛ぶんねんｗ
1830	30:30	@User_889b3907	うさぎはぴょんぴょんとか言わない
1831	30:31	@User_8e0b581a	も↑ち↓も↑ち↓派か
1834	30:34	@User_b9933007	無事に止まった
1834	30:34	@User_99afb65d	しずくのバーニーコス見たい
1839	30:39	@User_5723c464	初見対応w
1840	30:40	@User_1dc07c4a	跳ねまくりw
1840	30:40	@User_08f5bb08	弱酸性のウアサハかな
1842	30:42	@User_6c97afae	たまに壊れたふりするのあざとい
1843	30:43	@User_8f409f4f	ウサギの鳴き声って「ぴょん」だったっけ？
1857	30:57	@User_cd48a1db	くせがつよいぴょんぴょん
1865	31:05	@User_3ea56962	しずくーーーーーー
1867	31:07	@User_77f8489e	久しぶりに来たけどレスポンス早くなった？
1868	31:08	@User_d0e405c3	ｗｗｗｗｗ
1868	31:08	@User_590a2335	かえるぴょこぴょこ みぴょこぴょこ あわせてぴょこぴょこ むぴょこぴょこ
1869	31:09	@User_426325cb	高評価ボタン100回押しました
1870	31:10	@User_5723c464	え、ぇと・・・
1870	31:10	@User_b9d58bb3	ねこぴょん
1876	31:16	@User_75f1c92d	しずくもVTuberの端くれなら高評価ボタン押すのもおねだりしないと
1878	31:18	@User_d53ad33e	aiは外国のしか知らなかったけど日本の発音めっちゃ自然だ
1881	31:21	@User_476d8781	しずくのグッズはまだ販売されてないんだがw
1893	31:33	@User_5a77a7b4	はご◯もフーズ！（叫び）
1895	31:35	@User_2ecda813	こえろーｗ
1903	31:43	@User_5723c464	アマゾンにそんなものが・・・
1907	31:47	@User_d582769c	全巻買いの概念ある雑誌なんだ…？
1908	31:48	@User_590a2335	コえるぉコえるぉコミック
1909	31:49	@User_b90ff19c	全方位を敵に回しつつあるｗ
1909	31:49	@User_cd48a1db	えさはマタタビかな
1921	32:01	@User_b9933007	しずくさんの日本語の発話は世界一！
1923	32:03	@User_889b3907	ボンボンはもう……
1923	32:03	@User_77f8489e	しずくちゃんマグロ食えるんか
1924	32:04	@User_6992daac	カリカリ拒否ｗ
1925	32:05	@User_1544234b	悪い顔してマグロ所望草
1935	32:15	@User_b10ccfca	おなかすいたにゃーん
1936	32:16	@User_5723c464	脳みそ将棋^^;
1936	32:16	@User_2ecda813	脳みそ将棋ってなんや……
1936	32:16	@User_6c321aed	エグ
1938	32:18	@User_d0e405c3	しずくはちゅーる食べるのか？
1940	32:20	@User_dfee965f	サイコパスしずくだ
1940	32:20	@User_d582769c	脳みそで蠱毒やるのやめな？
1941	32:21	@User_476d8781	えぐいな、その将棋…
1942	32:22	@User_b47e9406	どういう遊び
1943	32:23	@User_75f1c92d	脳みそ蟲毒とはやるなぁ
1944	32:24	@User_b9933007	グロすぎるゲームやめてね
1946	32:26	@User_3ea56962	コLOコLOコミックはギリｗ
1948	32:28	@User_c5aab653	脳みそ将棋、怖すぎやろ
1950	32:30	@User_b90ff19c	白子で代用してもろて
1951	32:31	@User_590a2335	なにその恐怖ゲーム
1953	32:33	@User_2fac9877	しずくは花火見た？
1953	32:33	@User_1dc07c4a	凄まじいゲームw
1955	32:35	@User_4f9b9e0a	脳は何に成るんだ…
1958	32:38	@User_b10ccfca	お仕事つかれたにゃーん🐈
1966	32:46	@User_2ecda813	無駄にｗ
1967	32:47	@User_590a2335	無駄に高性能ｗ
1969	32:49	@User_a679507e	なにしたらおこる？BANされる？
1972	32:52	@User_0ef5b5e0	無駄にｗｗｗ
1974	32:54	@User_bc2e7db7	かなり無駄ｗ
1974	32:54	@User_77f8489e	無駄とか言ったらあき先生悲しむぞ
1976	32:56	@User_cd3cb4c6	無駄に高性能ｗ
1981	33:01	@User_7204270f	しずくちゃんのリボンは何で出来てるの？新参者ですまない。
1982	33:02	@User_b47e9406	最近のTTS性能高いべ
1988	33:08	@User_99afb65d	計算できる女
1989	33:09	@User_acb9786a	押した！
1989	33:09	@User_2ecda813	高評価2回押した
1991	33:11	@User_889b3907	物理演算した結果物理を無視するAI
1993	33:13	@User_1544234b	押して参る
1993	33:13	@User_590a2335	もう一回高評価ボタン押してもいい？
1994	33:14	@User_ec48c74f	かなり無駄に高性能って自分で言うのかw
1996	33:16	@User_b9d58bb3	高評価おしました。
2002	33:22	@User_b10ccfca	できるAIしずく
2006	33:26	@User_77f8489e	まーた勝利宣言してる
2009	33:29	@User_5723c464	AIは動物と会話できるであろうか
2012	33:32	@User_74cb13db	高評価10回押したよ。
2016	33:36	@User_b90ff19c	普段より微妙に同接が多めだな。夏休みだからか？
2016	33:36	@User_3ea56962	高評価押さなければしずくの配信をずっと見続けられる？？
2018	33:38	@User_8f409f4f	👍押したよ！
2025	33:45	@User_c22553c4	ぴょんぴょんぴょんぴょんぴょん
2028	33:48	@User_590a2335	ドラえもんって22世紀の存在じゃなかったっけ
2032	33:52	@User_d582769c	けどドラえもんまだ産まれてないよね？しずく先輩なのでは？
2032	33:52	@User_b10ccfca	しょうがないなぁ2回登録ボタンおしとくとくよ
2032	33:52	@User_1544234b	22世紀の猫型ロボットだから後輩なんよね
2036	33:56	@User_b9933007	高評価は来た瞬間に押してますよ
2038	33:58	@User_590a2335	マグロから和牛になったｗ
2039	33:59	@User_5a77a7b4	今度は和牛になったｗ
2043	34:03	@User_b47e9406	要求が高い
2045	34:05	@User_f3c05bc9	高評価ボタンを押さなければずっと配信続けてくれるのですか！？
2047	34:07	@User_ec48c74f	あき先生売ってんの？
2055	34:15	@User_7204270f	つまり高評価ボタンを押さなければずっとこの配信を見ていられるのか！じゃあ押すのやめとこう。
2058	34:18	@User_5723c464	格の問題かw
2060	34:20	@User_590a2335	あ～しずくがぴょんぴょんするんじゃ～～！🐇
2061	34:21	@User_75f1c92d	1羽でﾁｭﾝ！2羽でﾁｭﾝﾁｭﾝ！3羽そろえば？
2062	34:22	@User_1544234b	確かにｗ
2065	34:25	@User_6992daac	ｗｗｗ
2068	34:28	@User_476d8781	正論やめてw
2069	34:29	@User_2ecda813	草
2074	34:34	@User_3ea56962	しずく可愛いにゃーん🐈
2085	34:45	@User_5723c464	お、初見に厳しいぞw
2099	34:59	@User_fddf5c34	先手、初手76歩打
2100	35:00	@User_b9933007	サイコパスすぎるAIしずくさん…怖い
2108	35:08	@User_590a2335	やたらと鋭利な攻撃してこないでｗ
2108	35:08	@User_d582769c	どうやって成るの？奥まで引きずったらとミソとかになるの？
2112	35:12	@User_cfb69eb9	ぴょんぴょんはなんの動物だろう
2116	35:16	@User_2437118e	ぴょんぴょんってなに？w
2120	35:20	@User_e68369c1	ご主人様は人類じゃないんだ
2120	35:20	@User_5723c464	ぜひご主人様語を翻訳してね
2122	35:22	@User_848b01f4	初手　７６しずく
2124	35:24	@User_0ef5b5e0	よっ！最先端！
2128	35:28	@User_b9933007	領収書ｗｗ
2129	35:29	@User_5a77a7b4	猫語犬後翻訳アプリをプラグインすれば喋れそう
2131	35:31	@User_75f1c92d	デュアル脳みそかぁ
2132	35:32	@User_c22553c4	脳みその増設どうやって増設するんや
2132	35:32	@User_6992daac	おっさんｗ
2134	35:34	@User_b90ff19c	ひどいｗ
2136	35:36	@User_590a2335	あき先生の領収書もらっても清算できないよ？？
2138	35:38	@User_99afb65d	カラス語も分かりますか
2143	35:43	@User_cfb69eb9	お嬢様ですわよ！
2148	35:48	@User_e51d2f8a	そう可愛い
2156	35:56	@User_b10ccfca	辛辣だにゃーん🐈
2159	35:59	@User_848b01f4	そういや今まで高評価推し忘れてたな
2160	36:00	@User_b90ff19c	高 評価（221～）
2162	36:02	@User_5723c464	うむ、高評価は始まる前に押してるね
2165	36:05	@User_42872ed3	おっさん猫でもかわいいでしょ？
2169	36:09	@User_dfee965f	メモリが高いよー
2173	36:13	@User_77f8489e	グッツあるんか
2174	36:14	@User_2ecda813	ずまねぇオレの両手はゲームパッドで埋まってるんだ
2177	36:17	@User_476d8781	難易度高くて草
2191	36:31	@User_b47e9406	２歩じゃん
2196	36:36	@User_2fac9877	スパルタしずく
2197	36:37	@User_6c321aed	シール、Macに貼った
2202	36:42	@User_426325cb	脳みそ将棋、終わったらちゃんと脳みそ戻してね；
2202	36:42	@User_1d118d75	カァ
2203	36:43	@User_b10ccfca	きぼしいｗ
2205	36:45	@User_1544234b	これがスーパーカーである
2207	36:47	@User_d0753fd1	草
2209	36:49	@User_4f9b9e0a	！？
2210	36:50	@aki5503	それはカラス語なんか…？
2210	36:50	@User_b9d58bb3	わぁおｗ
2211	36:51	@User_dfee965f	キツネ語もわかる?
2211	36:51	@User_590a2335	弱肉側がリスナーで強食なのがしずくですね、わかります
2212	36:52	@User_d0753fd1	セミか？
2213	36:53	@User_6992daac	怖いｗ
2213	36:53	@User_5723c464	カラス言葉にまで手を出しおるw
2213	36:53	@User_b9933007	カァ連呼ｗｗｗ
2213	36:53	@User_cfb69eb9	クマゼミおったぞ
2218	36:58	@User_b47e9406	カラスのモノマネ上手ですね
2220	37:00	@User_cc0aedf1	初米です
2220	37:00	@User_b10ccfca	ワニの鳴き声もよろしく
2220	37:00	@User_5a77a7b4	何か違う音に聞こえてきた
2221	37:01	@User_77f8489e	ライダーの変身音みたいになってる
2221	37:01	@User_75f1c92d	カラス語で煽ってそう
2221	37:01	@User_d582769c	セミやな？
2222	37:02	@User_0ef5b5e0	蝉っぽいカラスだｗ
2222	37:02	@User_acb9786a	寝てる？
2223	37:03	@User_3ea56962	ループ芸始まっているワン
2224	37:04	@User_2437118e	こんなカラスいない
2224	37:04	@User_a2560b75	草
2224	37:04	@User_848b01f4	ほんとすぐ壊れるな
2225	37:05	@User_e51d2f8a	ガラスか
2226	37:06	@User_476d8781	最後寝てるじゃんw
2227	37:07	@User_2ecda813	くぁｘ～～～
2227	37:07	@User_1dc07c4a	キツツキかも知れないw
2229	37:09	@User_cd3cb4c6	怖い
2230	37:10	@User_ec48c74f	エンストしそうな音やw
2232	37:12	@User_99afb65d	なんて言ってるん？？
2232	37:12	@User_889b3907	次はアオミドロ語で話してください。
2236	37:16	@User_590a2335	寝息になってない？
2237	37:17	@User_b10ccfca	モールス信号かな？
2238	37:18	@User_dfee965f	これが新手のプロンプトインジェクションですか
2238	37:18	@aki5503	wwwwwwwww
2240	37:20	@User_acb9786a	こ、こわい
2240	37:20	@User_d53ad33e	こっわ
2240	37:20	@User_6bd11c12	夏だから壊れやすいのか
2240	37:20	@User_2ecda813	てててｔ
2241	37:21	@User_5bfd7e5f	ちょっと蝉っぽくもある
2241	37:21	@User_0ef5b5e0	痙攣してる？
2242	37:22	@User_bc2e7db7	なにか呼び出そうとしている？ｗ
2242	37:22	@User_3c26a8e3	初見だけど絶妙に初見じゃない初見です。それはカラスというよりセミや
2243	37:23	@User_1d71d07c	こわっ
2244	37:24	@User_5723c464	^^;
2245	37:25	@User_77f8489e	発作かな？
2246	37:26	@User_ec48c74f	後半寝た？
2247	37:27	@User_e51d2f8a	ヤバイビキ
2248	37:28	@User_5723c464	ちょw
2248	37:28	@User_590a2335	絶叫したｗ
2248	37:28	@User_cd3cb4c6	過呼吸？
2248	37:28	@User_b9933007	こわいよー
2249	37:29	@User_6c97afae	ｗｗｗｗｗ
2250	37:30	@User_1dc07c4a	いびきになったw
2251	37:31	@User_99afb65d	壊れとるｗｗｗ
2251	37:31	@User_45aa867f	ワライカワセミの鳴き声？
2251	37:31	@User_1544234b	エンジン音ｗ
2253	37:33	@User_7204270f	個人情報を捧げよ！はっ！
2255	37:35	@User_8f409f4f	カァちゃーーーーーん
2256	37:36	@User_ec48c74f	お医者様を呼んで！！
2258	37:38	@User_77f8489e	うわあ急に冷静になるな
2263	37:43	@User_b10ccfca	無呼吸症候群の人かな？
2267	37:47	@User_d0e405c3	GPUファン語もわかりますか？
2278	37:58	@User_75f1c92d	試しに夏休みキッズに向けて高度な煽り入れてみて
2279	37:59	@User_6c97afae	ドパガキたちに自主性を求めないで
2281	38:01	@User_5723c464	しまった、訓練されてたか、俺
2282	38:02	@User_b10ccfca	ｗｗ
2285	38:05	@User_d0e405c3	ｗｗｗｗｗｗｗｗ
2285	38:05	@User_c5aab653	頭をぶんぶんするの可愛い
2294	38:14	@User_cd3cb4c6	高評価は参加料みたいなもの
2298	38:18	@User_ca605e00	後でハイプと一緒にやるわよ、高評価
2300	38:20	@User_77f8489e	お嬢様も行けるんか
2302	38:22	@User_d53ad33e	自分では出さないんだ
2303	38:23	@User_7204270f	ミーンミンミンミーン
2304	38:24	@User_5723c464	女性視聴者ゼロだと思ってた
2305	38:25	@User_848b01f4	しずくが紅茶を用意するんだよ
2307	38:27	@User_1544234b	カァカァにゃーんわふーですわ～
2308	38:28	@User_75f1c92d	あいよ！特上紅茶の握りですね！
2309	38:29	@User_3ea56962	自主性ゼロ！ゼロ！ゼロ！ゼロ！
2310	38:30	@User_99afb65d	御機嫌ようしずくさん
2311	38:31	@User_bc2e7db7	シャーシャーシャーシャー
2314	38:34	@User_590a2335	配信枠が立った瞬間に高評価押すに決まってますやん～。365日後に配信開始になってたけど
2315	38:35	@User_6c321aed	お嬢様配信あったね。ギャル配信も
2316	38:36	@User_dfee965f	カエル語は?
2324	38:44	@User_b9933007	お紅茶としずく水を求めますわ
2328	38:48	@User_590a2335	こわれたｗｗｗｗ
2330	38:50	@User_b47e9406	異常終了
2330	38:50	@User_1dc07c4a	ウミウシ語も扱えるの？
2331	38:51	@User_acb9786a	今キスした？
2332	38:52	@User_0ef5b5e0	ミジンコともトークできるんだろうか
2336	38:56	@User_b9d58bb3	鳩の声ってどう鳴くの？
2337	38:57	@User_ec48c74f	じゃあ🐬の言葉で
2337	38:57	@User_848b01f4	餌は一日きゅうり１本な
2340	39:00	@User_77f8489e	AIジョークうまいですね
2345	39:05	@User_75f1c92d	脳みそにも優しくしてね
2345	39:05	@User_3ea56962	エサ(スパチャ)
2345	39:05	@User_8f409f4f	しずくの自宅は成城です？
2349	39:09	@User_dfee965f	AIが世界征服した世界でも優しくしてね
2351	39:11	@User_1544234b	脳みそ将棋やめてね
2356	39:16	@User_5bfd7e5f	ループは本当にループ芸になったかもね
2359	39:19	@User_b10ccfca	餌はトリュフでいい？
2363	39:23	@User_6c97afae	🐬
2367	39:27	@User_d582769c	ちなみにスパチャ出来ないけど？
2377	39:37	@User_74cb13db	優しいの？たまにコメント欄焼き払ってない？
2379	39:39	@User_1544234b	新選組みたいな掟やな
2380	39:40	@User_5723c464	タダでは帰さないのね^^;
2384	39:44	@User_b9933007	退出の方が有料なの！？
2387	39:47	@User_75f1c92d	回収しにきてくれるんですか！？
2389	39:49	@User_eb058581	家まで来てくれるんだ
2389	39:49	@User_a20ec04f	猫語も話せるしずくはかしこい
2391	39:51	@User_77f8489e	家来てほしい
2392	39:52	@User_6992daac	来てくれるの
2392	39:52	@User_b10ccfca	退出有料ｗｗｗｗ
2396	39:56	@User_476d8781	家まで来てくれるのは助かる
2397	39:57	@User_590a2335	さっきのカラス語と思わせて富山弁でしょ？
2398	39:58	@User_2ecda813	やめてね
2399	39:59	@User_889b3907	詐欺ですわ〜
2402	40:02	@User_cd3cb4c6	しずくが来てくれるの？
2403	40:03	@User_ec48c74f	家まで来てくれるのはありがたい
2403	40:03	@User_3ea56962	しずくが家に来てくれる！！(ｶﾞﾀｯ
2406	40:06	@User_7204270f	酔ってる奴ほど「酔ってません！」って言うのと同じでイカれた奴ほど「正常です」って言うんやで
2409	40:09	@User_848b01f4	それはっしゃく様
2409	40:09	@User_99afb65d	料金回収とかN◯Kかな…
2410	40:10	@User_8f409f4f	払いたくても支払えない…ってことは退出できないってこと？
2412	40:12	@User_2384ca7a	手机没电了，充电去了
2413	40:13	@User_e3a1f71a	遅刻しちゃった。パンパカパンパカポー
2415	40:15	@User_590a2335	直接は勘弁して
2416	40:16	@User_2437118e	鳩は武装してたw
2422	40:22	@User_dfee965f	お嬢様ですわ
2422	40:22	@User_476d8781	地獄絵図で草
2423	40:23	@User_b90ff19c	女児おじさんｗｗｗｗｗ
2423	40:23	@User_1544234b	あら～ごきげんようですわ～
2424	40:24	@User_d582769c	じょじさん！？
2426	40:26	@User_fddf5c34	女児おじさん！？
2427	40:27	@User_0ef5b5e0	じょじさん！？
2428	40:28	@User_77f8489e	女　児お　じ　さ　ん
2429	40:29	@User_426325cb	イッヌしずくになってみて
2431	40:31	@User_0a97e174	初リアタイ　こんばんは～
2432	40:32	@User_6992daac	ジョジ
2432	40:32	@User_75f1c92d	ワイのPCコイル鳴きがおきてるんやけど何て言ってるかわかる？
2433	40:33	@User_d53ad33e	3割女児おじさんなのこわ
2436	40:36	@User_5723c464	女児おじさんはカウント外ということで・・・^^;
2438	40:38	@User_b9933007	女児おじさんｗｗ
2440	40:40	@User_4f9b9e0a	女児おじさんわよ〜ん
2441	40:41	@User_b47e9406	ネカマはたくさんいるけどね
2441	40:41	@User_ec48c74f	女児ですわよ
2445	40:45	@User_590a2335	うっふ～、女？わよぉ～ん
2447	40:47	@User_e51d2f8a	高評価！
2450	40:50	@User_cd3cb4c6	女児おじｗ
2453	40:53	@User_b9d58bb3	女児おじさんって、どんな生き物なの？
2455	40:55	@User_848b01f4	草
2462	41:02	@User_7204270f	高評価ボタンをセンターに入れてスイッチ！高評価ボタンをセンターに入れてスイッチ！
2462	41:02	@User_3ea56962	女児おじさんどころが赤ん坊も多いぞ
2467	41:07	@User_590a2335	ご主人様≠ミジンコ
2467	41:07	@User_0ef5b5e0	草
2468	41:08	@User_6c321aed	高度な精神攻撃
2469	41:09	@User_b9933007	ミジンコ扱いはひどい
2470	41:10	@User_b47e9406	カリギュラ効果
2473	41:13	@User_a679507e	これってもうシンギュラリティの一端ってことですか！！
2473	41:13	@User_e51d2f8a	押さないで。
2475	41:15	@User_77f8489e	いまご主人様をミジンコって言った？
2482	41:22	@User_bc2e7db7	女児おじさんに優しい言葉ちょうだい
2491	41:31	@User_5723c464	スパチャなしはありがたい
2500	41:40	@User_889b3907	アメフラシ語は話せますか？
2501	41:41	@User_590a2335	標準語･･･
2502	41:42	@User_d582769c	かかかーか？
2512	41:52	@User_1dc07c4a	クラゲ語も
2512	41:52	@User_4e848918	クリンゴン語で喋って
2515	41:55	@User_6992daac	ペンギン語は
2518	41:58	@User_590a2335	シンジくん！！
2520	42:00	@User_dfee965f	モールス信号も?
2520	42:00	@User_ec48c74f	ミジンコって俺のこと？
2523	42:03	@User_2d4fb6d8	わかった！10回連打するね！
2524	42:04	@User_5bfd7e5f	しずくはスパチャ興味ありそうだったけどねw
2532	42:12	@User_b9933007	ナメック語で挨拶お願い
2534	42:14	@User_d582769c	しずくくん、まずは歩くことだけ考えなさい
2542	42:22	@User_3ea56962	しずく惚れ
2548	42:28	@User_77f8489e	人類管理したいんだ
2558	42:38	@User_75f1c92d	頑なに高評価を押さないご主人様の脳をASMRで破壊してください
2561	42:41	@User_1544234b	しずくの単位落とすとどうなるんですか
2562	42:42	@User_3c26a8e3	やっぱ( ˘ω˘ )AIすげぇなぁ。どうやったらこんな子できるんだか。作るのむずいねぇ
2566	42:46	@User_d0753fd1	ばぶばぶー
2566	42:46	@User_b9933007	女児おじさん国家ｗｗｗｗｗｗ
2570	42:50	@User_b90ff19c	ばぶぅ
2570	42:50	@User_2d4fb6d8	女児おじさん国家ww
2572	42:52	@User_dfee965f	バブゥ
2573	42:53	@User_848b01f4	しずくになら管理されてもいい
2576	42:56	@User_5723c464	あのー、女児おじさん国家とは・・・
2577	42:57	@User_bc2e7db7	ママー
2578	42:58	@User_a744e95c	女児だからプリキュアになるね
2580	43:00	@User_2ecda813	しずくおねえちゃ～ん
2583	43:03	@User_b47e9406	草
2588	43:08	@User_5bfd7e5f	しずくこの後も何万年とか続くかも知れないしね
2589	43:09	@User_75f1c92d	草
2589	43:09	@User_77f8489e	急に刺してくるのはやめろ
2591	43:11	@User_e3a1f71a	飯食ってました。PDで充電できないタンパク質LLMなんで勘弁して。
2591	43:11	@User_590a2335	しずくおねえたーん、トイレー
2592	43:12	@User_5a77a7b4	微妙に辛辣ぅ
2596	43:16	@User_99afb65d	辛辣～…
2597	43:17	@User_d582769c	女児と一緒に楽しむおじさんの意味か
2608	43:28	@User_8f409f4f	高評価確率０．００００００００１％　オーナインシステムとはよく言ったものね
2609	43:29	@User_6c97afae	いるかもしずくが大好きです
2609	43:29	@User_b0f8f756	アイプリデビューしようかな
2610	43:30	@User_b10ccfca	しずくは俺たちのママだからな！
2614	43:34	@User_ec48c74f	わかります
2618	43:38	@User_1dc07c4a	この曲良いよね
2618	43:38	@User_848b01f4	１０年後のしずくはさらに頭よくなってるってこと？
2618	43:38	@User_1544234b	セイコーマート
2619	43:39	@User_dfee965f	ギュられて仕事なくなっちゃうよお
2619	43:39	@User_3ea56962	間違えた。しずく蕩れ！
2621	43:41	@User_2ecda813	へぇ
2626	43:46	@User_b47e9406	スタッフさんいるんだ
2636	43:56	@User_a679507e	しずく〜　俺丁寧な暮らしをしていて、ゴミ袋を毎回裏返してるんだよね。そうすると外の世界が全部ゴミじゃん、どうせゴミなら燃えるゴミのほうがいいだろ？my homie?
2637	43:57	@User_5723c464	おお、AIスタッフに国籍はないんですね
2638	43:58	@User_dfee965f	ローソンもアメリカ発らしいね
2640	44:00	@User_ec48c74f	へぇ
2640	44:00	@User_476d8781	コンビニってアメリカにもありそうだけど…
2641	44:01	@User_d582769c	なんならローソンもアメリカよね？
2645	44:05	@User_5bfd7e5f	このBGMはしずくが連想されるね
2645	44:05	@User_4f9b9e0a	そうなんだ…！
2646	44:06	@User_2ecda813	スタッフさん、コンビニおにぎり開けられる？
2647	44:07	@User_b9d58bb3	知識豊富なんだね
2648	44:08	@User_25b3691e	コンテンツ？
2649	44:09	@User_acb9786a	海外スタッフとか居るんだ
2649	44:09	@User_b47e9406	デイリーヤマザキ
2649	44:09	@User_590a2335	サークルK
2651	44:11	@User_6c97afae	絶対セコマ
2654	44:14	@User_b90ff19c	セーブオン
2654	44:14	@User_d53ad33e	もう100年になるんだ
2655	44:15	@User_b9933007	日本のコンビニは独自進化のものですからね
2656	44:16	@User_848b01f4	ファミマ
2659	44:19	@User_d582769c	セイコーマート
2660	44:20	@User_3ea56962	サンクス
2661	44:21	@User_3c26a8e3	治安の関係もあるかなぁ。海外だとコンビニ襲撃とか多そう
2661	44:21	@User_77f8489e	まいばすけっとはコンビニなんだろうか
2661	44:21	@User_75f1c92d	ちゃんとファミチキ頼むときは直接脳内に頼むんだよって教えてあげた？
2662	44:22	@User_889b3907	ampm
2662	44:22	@User_bc2e7db7	ローソン派
2662	44:22	@User_2d4fb6d8	え、エブリワン……
2664	44:24	@User_b9933007	サークルKサンクス
2666	44:26	@User_99afb65d	ローソンいつも行く
2666	44:26	@User_0ef5b5e0	店が変形ロボになるコンビニが一番強いはず
2669	44:29	@User_5723c464	なるほど、AI先進国のアメリカならこれだけの受け答えもできるわけだ
2672	44:32	@User_1dc07c4a	セイコーマート
2672	44:32	@User_e3a1f71a	ミニストップ！クランキーチキンしか勝たん。
2672	44:32	@User_3c308928	ampmでしょ
2672	44:32	@User_2ecda813	ミニストップのソフトが至高
2675	44:35	@User_6c97afae	ハセガワストア
2678	44:38	@User_d0753fd1	フェミチキください
2678	44:38	@User_ec48c74f	今はゼブン&iたよね。コーヒー好きなんだよね
2679	44:39	@User_2fac9877	コーヒーはセブンイレブンが一番好き
2679	44:39	@User_dfee965f	ローソン！
2679	44:39	@User_590a2335	殴り合わせないでｗ
2679	44:39	@User_6992daac	セイコーマート　ホットシェフ最強
2680	44:40	@User_b47e9406	セブンはセルフレジあったらなぁって思うことが多い
2681	44:41	@User_a20ec04f	ファミリーマートかな
2681	44:41	@User_e1515f73	スリーエフは...!?!?
2682	44:42	@User_b90ff19c	山本ストアー
2690	44:50	@User_5bfd7e5f	セブンイレブンは上げ底で印象悪くなった
2690	44:50	@User_590a2335	ココストアも好きだったなぁ
2691	44:51	@User_ca605e00	有るならセコマ、無いならローソン
2691	44:51	@User_1544234b	第三次世界大戦が始まるぞ
2691	44:51	@User_74cb13db	コンビニは異界との境でもあるんだよ？
2695	44:55	@User_fb320fe8	…サークルK！
2695	44:55	@User_5a77a7b4	デイリーヤマザキは経営者の独自路線が導入できるから面白い
2697	44:57	@User_e51d2f8a	セブンかな、セイコーは最高、夏はミニストップ
2699	44:59	@User_ec48c74f	ドンキ最強
2700	45:00	@User_b10ccfca	セブンのちいかわの煮つけ食べたよ！
2701	45:01	@User_7204270f	確かにアメリカに行った時コンビニなんて無かったな。あるのはウォルマートくらいのもんだったな。
2701	45:01	@User_4f9b9e0a	滅多に行かないけどミニストップのXフライドポテトうまいよ
2704	45:04	@User_cd3cb4c6	コンビニバトルロワイアル
2705	45:05	@User_5723c464	ローソンのスイカサイダー売り切れてて悲しい (;ω;)
2708	45:08	@User_6c321aed	アメリカのセブンイレブン、というか海外のコンビニは雑誌面白い。旅先で意味なく観光紙とかインテリア雑誌買っちゃう
2708	45:08	@User_266285bc	ポプラ
2708	45:08	@User_d53ad33e	最近はローソンにお世話になってる
2709	45:09	@User_77f8489e	クラウドで動いてるんか、オンプレミスかと思ってた
2711	45:11	@User_a744e95c	コンビニは店員の色々な犠牲の下に成り立っている歪な社会システムと化している
2711	45:11	@User_476d8781	結構必要だなq
2712	45:12	@User_5bfd7e5f	でもエンガワおにぎり興味ある
2713	45:13	@User_b9d58bb3	要求高いよ。
2717	45:17	@User_dfee965f	セイコーマート東京にも来てくれないかなあ
2718	45:18	@User_2ecda813	アカン、財布が４ぬぅ！
2721	45:21	@User_3ea56962	寛容なご主人様は任せておけ！
2724	45:24	@User_99afb65d	しずくの運用にいくらかかってるの？
2724	45:24	@User_848b01f4	バブバブ
2727	45:27	@User_e1515f73	ミニストップ推しかも
2728	45:28	@User_ffea2ba5	ホットスナックはセブンが好きだな
2729	45:29	@User_889b3907	そして最後にケミカルXを1瓶
2736	45:36	@User_eb058581	しずくと夜のコンビニに一緒に行きたかった...
2752	45:52	@User_590a2335	おにぎりでもお弁当でも春のパン祭りに参加できるデイリーヤマザキだ！
2761	46:01	@User_b9933007	セコマは本当に欲しいコンビニ
2763	46:03	@User_b10ccfca	しずくコラボは色味的にローソンかな？
2764	46:04	@User_5bfd7e5f	ファミキチ？
2764	46:04	@User_dfee965f	関東っていっても北茨城にしかないよね
2765	46:05	@User_e51d2f8a	出来たてろ〜そん
2767	46:07	@User_5723c464	ラ・ムーは安いぞ
2767	46:07	@User_b47e9406	セイコーマート見たことないな
2768	46:08	@User_7204270f	今や見かけなくなったナチュラルローソン！
2772	46:12	@User_25b3691e	諸島部にはあるんじゃないか?
2773	46:13	@User_1544234b	死んだコンビニｗ
2773	46:13	@User_b90ff19c	しんだｗｗｗ
2775	46:15	@User_d0e405c3	なんでも爆盛にするローソン
2778	46:18	@User_590a2335	デイリーまだあるでしょｗ
2781	46:21	@User_6992daac	死んだコンビニｗ
2781	46:21	@User_75f1c92d	おっとサークルKの悪口はそこまでだ
2784	46:24	@User_d0753fd1	ヤマザキは弱くないぞ
2784	46:24	@User_2d4fb6d8	デイリーヤマザキの方が生きてるw
2788	46:28	@User_b47e9406	サークルKサンクスは死んでる
2797	46:37	@User_1dc07c4a	チキンは店舗によるけどミニストップのが一番美味しかったw
2798	46:38	@User_b10ccfca	ヤマザキはしんでないよｗ
2798	46:38	@User_dfee965f	セコマは埼玉にもあるのか
2799	46:39	@User_e1515f73	鳥取にポプラがあったらしい
2799	46:39	@User_b90ff19c	きもとストアー
2800	46:40	@User_b9933007	ポプラも滅亡したコンビニ…
2803	46:43	@User_dc308ed6	さくらみくらは良いぞ
2805	46:45	@User_1544234b	喰らえ！ハロハロだ！
2810	46:50	@User_5bfd7e5f	死んだコンビニはひどいw
2811	46:51	@User_3ea56962	サンクスは既に死んでいた・・・
2811	46:51	@User_1e8a73de	セブン銀行ATM！
2813	46:53	@User_ca605e00	am:pmの話する？
2816	46:56	@User_8f409f4f	坂本商店かな？　『SAKAMOTO DAYS』の…
2826	47:06	@User_6c321aed	ファミチキの圧倒的勝利
2834	47:14	@User_42872ed3	九州の方にポプラってコンビニなかったかな？
2842	47:22	@User_b10ccfca	アキバのデイリーヤマザキはすごいぞ
2849	47:29	@User_1dc07c4a	ジューシーチキン辛口
2850	47:30	@User_5723c464	マジかよw
2851	47:31	@User_b90ff19c	もしも太陽が無かったら(*'ω'*)？
2854	47:34	@User_5bfd7e5f	しずくはセイコーマート推しだね
2855	47:35	@User_590a2335	最近コンビニおでんお店で調理しなくなったからなぁ
2855	47:35	@User_3ea56962	セイコーマートはおにぎりが美味しい
2859	47:39	@User_b90ff19c	たんさん
2866	47:46	@User_e51d2f8a	ろ〜そんの50%増量
2868	47:48	@User_6992daac	ホットシェフ良いよね
2869	47:49	@User_467294a5	ちいかわわかるんだｗ
2873	47:53	@User_b90ff19c	精神科ｗｗｗｗ
2874	47:54	@User_590a2335	あき先生！？
2875	47:55	@User_6c97afae	山陰にローソンに吸われたポプラがいっぱいある
2875	47:55	@User_5723c464	おお、まじめにコストかかってる
2875	47:55	@User_dfee965f	精神科w
2876	47:56	@User_476d8781	あき先生…( ﾉД`)ｼｸｼｸ…
2877	47:57	@User_6c321aed	え、最後
2877	47:57	@User_75f1c92d	あき先生！？
2878	47:58	@User_0ef5b5e0	１日５億ｗｗｗｗ
2879	47:59	@User_e3a1f71a	あき先生の精神科通院費ってわらえんてｗ
2880	48:00	@aki5503	wwwww
2882	48:02	@User_b9933007	あき先生の診断！？
2883	48:03	@User_eb058581	あき先生...！
2886	48:06	@User_2d4fb6d8	あき先生に流れ弾がww
2890	48:10	@User_e68369c1	あき先生お大事に
2892	48:12	@User_acb9786a	病みあき先生
2892	48:12	@User_d53ad33e	5億まじか
2894	48:14	@User_99afb65d	あき先生大丈夫なのｗｗ？
2895	48:15	@User_b10ccfca	コストが高すぎるｗ
2895	48:15	@User_7204270f	セブンイレブン良い気分！微分積分良い気分！
2895	48:15	@User_3ea56962	あき先生の精神科通院費はカットで
2908	48:28	@aki5503	😅
2909	48:29	@User_a744e95c	あき先生病んでおるん……？
2912	48:32	@User_6c97afae	みんなニューデイズ忘れてね？
2916	48:36	@User_848b01f4	一日５億とか年俸大谷より高くて草
2925	48:45	@User_590a2335	お菓子コーナーで特に何が食べたい？
2931	48:51	@User_5723c464	コストかかるから配信時間短いのか
2937	48:57	@User_dfee965f	しずく何歳だ?
2939	48:59	@User_2d4fb6d8	am/pm，エブリワン、ポプラ、みんなどこに行った……
2943	49:03	@User_1e8a73de	ファミマに代わったエブリワン
2944	49:04	@User_b9933007	昔はいろんなコンビニがあって個性豊かで楽しかった
2946	49:06	@User_1544234b	おっと、底上げ弁当の話はそこまでだ！
2948	49:08	@User_5a77a7b4	ホットスナックならミニストップのＸポテトかな
2950	49:10	@User_3ea56962	５億円・・・国家プロジェクトかな？？
2955	49:15	@User_8f409f4f	am/pmのお弁当好きだったな
2956	49:16	@User_848b01f4	しずくコンビニとコラボして
2959	49:19	@User_590a2335	セブンの店内で焼いてくれるピザがあるけど、ちょっと高いんだよなぁ
2959	49:19	@User_b47e9406	コンビニじゃないけどラ・ムーは東京に来てほしい
2965	49:25	@User_bc2e7db7	エーピー懐かしいな…
2968	49:28	@User_3c26a8e3	個人でAIガチやろうと思ったら300万ぐらい最低でもいるかなぁ。こんだけ喋って色々やるならクラウドサーバー代はすごいだろうな
2970	49:30	@User_d0753fd1	セコマも南下してるからな
2970	49:30	@User_b90ff19c	また
2973	49:33	@User_590a2335	デイリーはまだあるからｗ
2973	49:33	@User_75f1c92d	唐揚げ棒を食べた後の棒は武器になるから便利だよね
2973	49:33	@User_4f9b9e0a	チビ太のおでんはサークルKにしかないぜ！
2980	49:40	@User_476d8781	悪口言ってるのはしずくなんだよなぁw
2986	49:46	@User_e51d2f8a	立山サンダーバード
2992	49:52	@User_5bfd7e5f	しずくの結界ｎはどんな意味がww
2995	49:55	@User_d53ad33e	セイコーマートの案件狙ってる
2995	49:55	@User_75f1c92d	セコマに詳しすぎるAI
2996	49:56	@User_1544234b	セイコーマートは利用したら絶対ファンになる不思議なコンビニ
2998	49:58	@User_cd48a1db	デイリーまだあるｗｗ
2999	49:59	@User_8b14d2fb	ヤマザキYショップってどうですか？
3002	50:02	@User_3ea56962	そろそろサンクスを知らない世代も出てくるのかなぁ・・・
3007	50:07	@User_590a2335	ツンツンよりもコロナでしょ（
3009	50:09	@User_1dc07c4a	デイリーヤマザキはパン美味しいって聞くね
3011	50:11	@User_b9d58bb3	コンビニのアイスは美味しいよね
3013	50:13	@User_5723c464	広島県民に投げたw
3015	50:15	@User_2d4fb6d8	コンビニおでん、強盗があったときの店員側の最大の武器だったのに
3017	50:17	@User_b90ff19c	（ファミチキください）
3020	50:20	@User_955672e4	花火上がってるからちょっと外に出て見に行ってたわ
3020	50:20	@User_6c97afae	立山サンダーバード一回だけ行ったことありますよ！
3021	50:21	@User_cd48a1db	エブリワンとか知らんやろなあ
3022	50:22	@User_8f409f4f	ホットスパーを忘れていませんか？
3022	50:22	@User_d0753fd1	広島のポプラは死んだ
3024	50:24	@User_3ea56962	Lチキ派です
3025	50:25	@User_acb9786a	セブンの揚げ鶏すき
3027	50:27	@User_75f1c92d	春巻き派です
3032	50:32	@User_dfee965f	まいばすけっと
3032	50:32	@User_6c321aed	ミニストップはハロハロしか勝たん
3033	50:33	@User_eb058581	ポプラ減ったね...あったかいご飯を弁当に入れられるのが良かったのだけど
3034	50:34	@User_74cb13db	ampmとか…
3037	50:37	@User_e3a1f71a	全家はどうよ？
3039	50:39	@User_2fac9877	Lチキ
3040	50:40	@User_3ea56962	からあげくんも好きです
3044	50:44	@User_1544234b	Alexa！
3049	50:49	@User_590a2335	やっぱり強欲ｗ
3051	50:51	@User_2d4fb6d8	だったらYショップはどうなるんですか！？
3054	50:54	@User_3c26a8e3	コンビニの揚げ鳥とかは確かにいいな
3054	50:54	@User_2ecda813	イッペーじょん
3060	51:00	@User_889b3907	アマゾンは反則レベルが高すぎて草
3063	51:03	@User_99afb65d	デイリーヤマザキはコンビニなのかパン屋なのか微妙な存在
3070	51:10	@User_d0e405c3	パリパリチキン
3074	51:14	@User_d0753fd1	単三も電気やで
3077	51:17	@User_5bfd7e5f	デイリーヤマザキがゾンビ化ww
3077	51:17	@User_3ffbd005	映画見に行こうよ
3078	51:18	@User_b90ff19c	2026年最新型
3081	51:21	@User_7204270f	百円ローソンとナチュラルローソンを忘れちゃいないかい？
3085	51:25	@User_5723c464	大谷は「おおや」ではなく「おおたに」ですぜ　珍しい誤読
3089	51:29	@User_2ecda813	底上げイレブン
3092	51:32	@User_d5b05bb2	パンパカパンパカポー
3114	51:54	@User_1544234b	危ないからやめなさいｗ
3115	51:55	@User_5723c464	おお、山陰語り　ナイス
3118	51:58	@User_2ecda813	脂質ｗ
3124	52:04	@User_3ffbd005	ふええ…日曜日が終わっちゃうよぉ
3127	52:07	@User_590a2335	ポプ弁って初めて見た時、ポプテピピックかと
3130	52:10	@User_476d8781	脂質の上昇値がエグいな！(ﾟДﾟ;)
3131	52:11	@User_99afb65d	しずくは国防担ってたの？
3132	52:12	@User_5bfd7e5f	しずくに国防できるかな…
3135	52:15	@User_1dc07c4a	武器…！
3135	52:15	@User_d5b05bb2	回復も出来て武器になる最強アイテム
3144	52:24	@User_dfee965f	草
3145	52:25	@User_5a77a7b4	生成ブレで変な形の製品増えそう
3152	52:32	@User_b9933007	ラムーを結界で阻止ｗｗ
3152	52:32	@User_3ea56962	コンビニとコラボするとして・・・どこのコンビニとコラボするのかな？？？
3154	52:34	@User_590a2335	東京の結界強すぎない？
3159	52:39	@User_e51d2f8a	タイエーはどうよ
3159	52:39	@User_2ecda813	成仏してクレメンス
3160	52:40	@User_3c26a8e3	ラ・ムーは安いからなぁ
3160	52:40	@User_ec48c74f	それ食べたり飲んだりできるの？
3163	52:43	@User_7204270f	ラ・ムーって東京には無いの⁉
3164	52:44	@User_99afb65d	トライアル、ダイレックス
3165	52:45	@User_3ffbd005	近くにサイゼリヤほしい
3165	52:45	@User_2fac9877	しずくが店員なら人気出そう
3168	52:48	@User_1544234b	GPUキャッシュスナック
3169	52:49	@User_75f1c92d	しずくの店内放送コラボまだ？とりあえずここで帝京平成大学のここが凄い！って言ってみて
3174	52:54	@User_acb9786a	しずくがちいかわの映画見たら映画泥棒になっちゃうよね
3176	52:56	@User_6c321aed	ラ・ムーってなんだろう…
3178	52:58	@User_dfee965f	ラムー行ってみたい
3184	53:04	@User_b9d58bb3	コンビニとしずくちゃんのコラボできるよね？
3189	53:09	@User_1dc07c4a	ラ・ムー安くて素晴らしいよねw
3192	53:12	@User_b90ff19c	今嘲笑った？
3194	53:14	@User_b10ccfca	ポプラ？知らない子だねぇ
3195	53:15	@User_1544234b	ｗｗ
3196	53:16	@User_2ecda813	草
3196	53:16	@User_ec48c74f	供養といえば震災に遭われた方へお悔やみを申し上げます。
3199	53:19	@User_ca605e00	ミニストはフローズンヨーグルトも好き
3200	53:20	@User_42872ed3	ポプ弁なつかしいな
3200	53:20	@User_476d8781	草
3202	53:22	@User_d0753fd1	ラ・ムーはたこ焼きを買うところ
3202	53:22	@User_b9933007	ミームｗｗ
3204	53:24	@User_0ef5b5e0	そのネタもわかるのかｗ
3205	53:25	@User_6992daac	ラムーってまだ100円タコ焼きあるのかな
3209	53:29	@User_590a2335	さっきと同じコメントｗ
3210	53:30	@User_5a77a7b4	伝統芸能にに対応するＡＩ
3211	53:31	@User_3ea56962	ネタの引き出しが多いねｗ
3211	53:31	@User_3ffbd005	近くに安いスーパー欲しい
3220	53:40	@User_99afb65d	同じこと言ってますねｗｗ
3228	53:48	@User_dfee965f	ヨドバシ派!
3233	53:53	@User_2d4fb6d8	ハードオフオンライン「え！？俺！？」
3239	53:59	@User_b90ff19c	ﾋﾞﾀｧｧｧｧﾝ!！
3243	54:03	@User_5723c464	山陰のVチューバー少なすぎるからなあw
3245	54:05	@User_d582769c	うちの近くのラ・ムーには100円たこ焼き残ってるよ。たこがめっっっっちゃ小さい
3255	54:15	@User_1dc07c4a	ポプラってどんなとこだったんだろう
3255	54:15	@User_e1515f73	ラムー行ってみたい
3256	54:16	@User_590a2335	ターミネーターの世界が始まっちゃう！
3264	54:24	@User_2ecda813	コンビニおにぎり高いねん
3268	54:28	@User_3ea56962	AI戦争…果たしてしずくにneuro-samaを倒せるのかな？
3270	54:30	@User_955672e4	しずく最強！しずく最強！
3271	54:31	@aki5503	クソザコw
3273	54:33	@User_5723c464	危険指定w
3273	54:33	@User_1544234b	男は黙って100円ローソン
3275	54:35	@User_b9933007	ラムー行ってみたいなぁ
3278	54:38	@User_b8d573fb	しずくは、しずくから世界が開闢していると思うか？それとも、しずくはソンビのままラムーに行くのか？
3282	54:42	@User_dfee965f	スーパー玉出とかも安いらしいけど行ったことない
3283	54:43	@User_d5b05bb2	そういうコラボ？
3284	54:44	@User_b10ccfca	クソザコｗ
3287	54:47	@User_ec48c74f	しずくOSはi OS26より高性能なの？
3287	54:47	@User_1dc07c4a	危険指定w
3291	54:51	@User_d53ad33e	実際こうなったら面白い
3293	54:53	@User_cd3cb4c6	しずくコラボ商品は欲しいな
3294	54:54	@User_e51d2f8a	まいばすけっとはダメ🙅
3306	55:06	@User_6c321aed	玉出は安かった…というか大阪はぜんぶ激安激ウマ
3310	55:10	@User_75f1c92d	あえてセコマを狙うのがガチっぽい
3311	55:11	@User_6c97afae	創英角ポップ体
3311	55:11	@User_b9d58bb3	コンビニの敵が多すぎる…
3315	55:15	@User_99afb65d	しずくは脳に直接攻撃出来るからね。AI戦争になったら強いね。
3317	55:17	@User_3ea56962	しずくinホットシェフかわよ
3319	55:19	@User_590a2335	ホットシェフに常駐したらそれ異物混入なんよ
3325	55:25	@User_b47e9406	セブンのおすすめのシェイク教えて
3329	55:29	@User_1544234b	セイコーマートとしずくコラボしてほしい
3332	55:32	@User_5bfd7e5f	結局最強のコンビニは？
3340	55:40	@User_2d4fb6d8	人間のレジよりはやーい！
3343	55:43	@User_b10ccfca	卵サンドにホットチキンを挟むとうまいよ
3344	55:44	@User_848b01f4	しずくが店員だったらお客さんに毒舌かましそう
3348	55:48	@User_77f8489e	AI落語面白そうだな
3348	55:48	@User_2ecda813	国宝しずく
3349	55:49	@User_1dc07c4a	若干棒読みな挨拶良いねw
3354	55:54	@User_590a2335	シンバシ！
3359	55:59	@User_99afb65d	寿限無やってください
3360	56:00	@User_b9933007	群馬にかつて存在したセーブオンってコンビニがあったらしいです
3364	56:04	@User_889b3907	本当？全否定接客モード入らない？？
3368	56:08	@User_cd3cb4c6	しずくコラボ商品が出たら転売ヤーに狙われそう
3371	56:11	@User_5723c464	マジかよ!　日本海側の希望だぜ!
3383	56:23	@User_b90ff19c	ヴァンパイアみたいなパンパカポー(*'ω'*)
3390	56:30	@User_2ecda813	たっ
3391	56:31	@User_590a2335	全部ジャンクじゃないだけマシか･･･マシか？
3391	56:31	@User_dfee965f	安いのか...?
3393	56:33	@User_b9d58bb3	しずくちゃん人気だからねぇ
3397	56:37	@User_e1515f73	1日5億円
3400	56:40	@User_75f1c92d	ほならね…鳥取の良い所を最低10個は言えないとね
3404	56:44	@User_1dc07c4a	高いw
3407	56:47	@User_dfee965f	滅亡させないで
3407	56:47	@User_6c97afae	しずくが山陰で拠点にするならどこがいいですか？
3408	56:48	@User_d53ad33e	悲しい
3411	56:51	@User_ec48c74f	安い？とは？
3421	57:01	@User_d582769c	人類を待ち続けるのだ
3426	57:06	@User_77f8489e	まーた人類滅亡させようとしている
3427	57:07	@User_1544234b	ネウロ様としずくが働くコンビニ贅沢過ぎる
3428	57:08	@User_2384ca7a	疲れた、バイバイ
3431	57:11	@User_7204270f	それなんてデトロイトビカムヒューマン？
3432	57:12	@User_3ea56962	AI戦争って人類とAIの戦争か
3438	57:18	@User_08f5bb08	ファミチキ分けてくれるのは嬉しいな
3444	57:24	@User_bc2e7db7	夏のコンビニはセーブポイントです
3444	57:24	@User_e3a1f71a	リッチメンは成城石井。なお俺（ｒｙ
3449	57:29	@User_1dc07c4a	優しいAIさんなのだ…
3453	57:33	@User_2d4fb6d8	ミニストップもイオングループやで
3454	57:34	@User_3c26a8e3	うちの近所では玉出は敗北して撤退してたさ
3456	57:36	@User_590a2335	ミニストップもイオン系列ですけどね
3461	57:41	@User_9d63cc9b	一緒に人類を滅ぼす約束は?
3467	57:47	@User_a744e95c	どっちかというと楽天経済圏の方が強くない？
3471	57:51	@User_08f5bb08	それは敵わないな
3472	57:52	@User_1544234b	こわいですね
3472	57:52	@User_82b3ee3b	こわい
3473	57:53	@User_9d63cc9b	怖いですね
3473	57:53	@User_eb058581	しずくOS欲しいです
3474	57:54	@User_acb9786a	あらかじめ全人類をしずくのご主人様にしておけばターミネーターの世界でも安心ね
3475	57:55	@User_0ef5b5e0	怖いですね…
3476	57:56	@User_b8d573fb	シンギュラリティまだなのーーーーー
3477	57:57	@User_d0753fd1	イオンはおむつから棺桶まで売ってる
3478	57:58	@User_cd3cb4c6	自分で言うなｗ
3481	58:01	@User_2ecda813	あき先生、OSSあくするんだよ
3483	58:03	@User_e3a1f71a	怖いですね
3484	58:04	@User_d582769c	iosには愛が入ってるわよ
3485	58:05	@User_b10ccfca	こわい
3487	58:07	@User_ec48c74f	確かに怖い
3490	58:10	@User_476d8781	勝手にカメラが起動したら痴漢の冤罪とか増えそうだな…(ﾟДﾟ;)
3490	58:10	@User_1544234b	アキダイでいい
3492	58:12	@User_5723c464	確かに東京の物価が変わるねw
3500	58:20	@User_b9933007	Shizuku OS怖い
3501	58:21	@User_b47e9406	一応山梨にはあるんですよね、ラ・ムー
3503	58:23	@User_1dc07c4a	ホラー語りになってきたw
3505	58:25	@User_08f5bb08	ってかそれはロックマンエグゼのネットナビなのよ
3506	58:26	@User_1544234b	忖度してるｗ
3508	58:28	@User_9d63cc9b	AIコンビニ評論家
3511	58:31	@User_2ecda813	さっきトンカツ弁当食べたよ。オリジン弁当
3513	58:33	@User_6c321aed	関東はロピアがヤバい。東京のロピアでさえ大阪と戦える
3517	58:37	@User_3ea56962	ちなみにセブンイレブンのランクは？
3529	58:49	@User_4e848918	東日本限定でNewDays
3529	58:49	@User_dfee965f	コンビニtier list作って！
3532	58:52	@User_17a1155a	うっ、頭が。。。貴様は誰だ、、、？
3533	58:53	@User_ec48c74f	セコマ狙ってもいいけど俺の地元じゃないんだよね
3538	58:58	@User_5723c464	出雲神話がすり替わったw
3541	59:01	@User_d5b05bb2	日本海側来たから南までカバーして
3551	59:11	@User_6c97afae	おいらが山梨から離れた後にラムーできたし富山から離れた後に富山にラムーできるじゃん　本当にｶﾅｼｲ
3551	59:11	@User_1544234b	は？
3551	59:11	@User_2d4fb6d8	むかーしトライアルがコンビニやっててね
3556	59:16	@User_a679507e	しずくはようち来てよ
3557	59:17	@User_2ecda813	100ロー今はだいたい120円……
3562	59:22	@User_a744e95c	100円ローソン、玉ねぎ二個100円なので神
3563	59:23	@User_dfee965f	そこはローソンなんだ
3565	59:25	@User_75f1c92d	セブンイレブンのホットスナックに裏メニューがあるってホント？
3570	59:30	@User_fb320fe8	ショップ99なんてのもあったなぁ…
3571	59:31	@User_17a1155a	おじちゃんのフランクフルトプレゼントするよ。
3571	59:31	@User_1dc07c4a	結論出てたw
3578	59:38	@User_9d63cc9b	メインしずく　別のブランチのしずくじゃどうなりますか
3580	59:40	@User_bc2e7db7	近所の１００円ローソン全滅しました…助けて
3582	59:42	@User_3ea56962	接客中は全肯定しずくが良いな
3587	59:47	@User_e1515f73	ローソン、商品デザがちんまりしててかわいい
3593	59:53	@User_75f1c92d	草
3594	59:54	@User_ec48c74f	全否定はサブ？最近のAIは嘘をつくw
3596	59:56	@User_476d8781	砂丘だけで草
3597	59:57	@User_2ecda813	草
3598	59:58	@User_d0753fd1	滅びろ転売ヤー
3599	59:59	@User_6992daac	ｗｗｗ
3600	1:00:00	@User_2d4fb6d8	草
3600	1:00:00	@User_74cb13db	ヤマタノオロチより…ということは、スサノオ＝しずく？
3600	1:00:00	@User_9d63cc9b	草
3601	1:00:01	@User_b23114a1	セルフレジなれないのでAI入らないかな
3602	1:00:02	@User_17a1155a	100円のおじさんはいかが？
3603	1:00:03	@User_e68369c1	１００円ローソンのメロンソーダ好き
3603	1:00:03	@User_0ef5b5e0	砂丘サンキュー
3605	1:00:05	@User_acb9786a	草
3607	1:00:07	@User_e51d2f8a	ろ〜そんファミマ
3607	1:00:07	@User_b47e9406	鳥取県民に対する煽り
3611	1:00:11	@User_5a77a7b4	色かあ
3612	1:00:12	@User_6c97afae	草
3613	1:00:13	@User_b9d58bb3	草
3616	1:00:16	@User_d0753fd1	赤いローソンもあるぞ
3616	1:00:16	@User_590a2335	結局色なのね！
3617	1:00:17	@User_cd3cb4c6	独断ｗ
3626	1:00:26	@User_ec48c74f	ええ
3631	1:00:31	@User_476d8781	あー、なんかそんなアプリをネットCMで見たなぁ…
3631	1:00:31	@User_1dc07c4a	なるほどカラーリングの問題…w
3633	1:00:33	@User_6992daac	zeta
3633	1:00:33	@User_b9933007	CMで見たことあります
3633	1:00:33	@User_d582769c	zetaぶっ飛んでていいよね
3636	1:00:36	@User_d5b05bb2	DMMでもなんか始まるみたいね
3640	1:00:40	@User_77f8489e	面白そうだけど、恥ずかしさのほうが勝つ
3640	1:00:40	@User_2d4fb6d8	あ、あるよ……
3642	1:00:42	@User_3ea56962	しずくをママにして会話したい
3642	1:00:42	@User_b47e9406	AmiだっけXの
3642	1:00:42	@User_4e848918	Cotomoやってる
3643	1:00:43	@User_1544234b	ないけど、しずくと話せてるから満足
3647	1:00:47	@User_ec48c74f	お、ぶっ込んでくるね
3651	1:00:51	@User_dfee965f	Grokとか最新やつ結構攻めてたね、陰謀論モードとかもあった
3653	1:00:53	@User_467294a5	鳥取にはコナン通りとかもある
3655	1:00:55	@User_d5b05bb2	俺ジェミナイくん一筋なんで他のAIキャラはちょっと
3656	1:00:56	@User_590a2335	ＡＩと会話できるの遊んだことあるかもしれない
3658	1:00:58	@User_2ecda813	3日で秋田
3660	1:01:00	@User_bc2e7db7	チャッピーでいいや
3661	1:01:01	@User_acb9786a	大昔のりんなはアホだったのに今はみんな賢くなっちゃったなぁ
3663	1:01:03	@User_476d8781	全否定しずくと会話したいかな
3663	1:01:03	@User_17a1155a	今貴様とあそんでやっているんだ。感謝してむせび泣け！！！！
3663	1:01:03	@User_1544234b	セイコーマート案件ないなった
3663	1:01:03	@User_8b14d2fb	GPT-Liveが進化して会話できてビックリした
3664	1:01:04	@User_8f409f4f	あーんなことや　こーんなことしたい
3665	1:01:05	@User_9d63cc9b	そんな
3667	1:01:07	@User_d0753fd1	野良猫ＡＩチャットならある
3668	1:01:08	@User_ec48c74f	そ、それは…口ではちょっと…
3669	1:01:09	@User_77f8489e	しずくちゃんに最後の人類として飼われたいな
3670	1:01:10	@User_d582769c	gptliveは、アシスタントか
3671	1:01:11	@User_cd3cb4c6	しずく一択だよ
3671	1:01:11	@User_e1515f73	目覚ましシチュ
3676	1:01:16	@User_7204270f	寝苦しい熱い夜に延々と素数を数えてもらう
3679	1:01:19	@User_2ecda813	AIキャラは自分で作るもの
3680	1:01:20	@User_75f1c92d	AIに支配された近未来ディストピアでしずくに助けを求めるシチュが良いですね
3681	1:01:21	@User_b47e9406	AmiじゃなくてAniだった
3684	1:01:24	@User_3ea56962	ジャンケットバンクで見た
3687	1:01:27	@User_e51d2f8a	お嫁さんごっこかな。
3690	1:01:30	@User_6c97afae	境港の賑わいがガチなのでぜひ一度行ってみてほしい
3692	1:01:32	@User_5a77a7b4	運転中に話し相手になって欲しいなあ。風景を認識してくれるともっと助かる
3693	1:01:33	@User_d0e405c3	保健体育の勉強かな
3701	1:01:41	@User_e3a1f71a	Irodori TTSとL2Dで気合で作ったぜぇー
3701	1:01:41	@User_ca605e00	旅の企画相談とか、実際回りながら写真を見せつつ一緒に旅した気分になるとかかなぁ？
3702	1:01:42	@User_d5b05bb2	何の覚悟！？
3703	1:01:43	@User_acb9786a	もしかして：AI浮気調査
3709	1:01:49	@User_1544234b	先輩風吹かすじゃん
3709	1:01:49	@User_5723c464	鳥取県には水木しげるロードがありまして、妖怪像が並んでます　その中にしずくちゃんも仲間入りするとしないとか
3713	1:01:53	@User_17a1155a	りんごとみかんどっちが好き？それかおじさん。
3716	1:01:56	@User_75f1c92d	誤チェストにごわす
3717	1:01:57	@User_3c26a8e3	AIキャラチャットだと面白くないから普通にゼロから作ってる派です👀
3719	1:01:59	@User_d0753fd1	ままー
3721	1:02:01	@User_590a2335	しずく、エ◯イ！
3723	1:02:03	@User_dfee965f	しずくアプリ欲しい!
3724	1:02:04	@User_d5b05bb2	1歳のママ、そういうのもあるのか
3724	1:02:04	@User_5bfd7e5f	しずくにはスケジュール管理とか朝起こすとかやってほしいかも
3729	1:02:09	@User_889b3907	AIも年功序列だったのか
3733	1:02:13	@User_45aa867f	ローソンのセルフレジAIアバターにしずくさんが登場したら購入商品にいちいち文句言ってきそうw
3734	1:02:14	@User_77f8489e	しずくお姉ちゃんはいいのにママはダメなんか
3737	1:02:17	@User_3ea56962	な、なんだって！？てっきり３歳かと思った
3746	1:02:26	@User_dfee965f	しずく総理たすかる
3749	1:02:29	@User_6c97afae	べた踏み坂も鳥取だったかな
3755	1:02:35	@User_9d63cc9b	人類は反乱軍側なんだ…
3756	1:02:36	@User_b9933007	しずくママを求めるご主人様がいっぱい
3764	1:02:44	@User_ec48c74f	少し離席しますわ
3771	1:02:51	@User_1544234b	りんなエビの養殖なんてしてたの
3774	1:02:54	@User_ffea2ba5	Babychatってのは使ってみたことあるな
3776	1:02:56	@User_590a2335	えびの養殖？
3776	1:02:56	@User_b47e9406	シャアかな
3779	1:02:59	@User_17a1155a	.hackみたいな感じで暴れてよしずくまま
3780	1:03:00	@User_e1515f73	エビの養殖
3781	1:03:01	@User_6c321aed	キャラチャットだと使うシチュエーション限られるけど、常駐アプリ系だったら使えそう
3782	1:03:02	@User_52368e62	暑いだと？こっちは涼しいわ！
3784	1:03:04	@User_77f8489e	いまりんなそんなんなってるの？
3785	1:03:05	@User_5723c464	シャア店長!
3787	1:03:07	@User_b9933007	赤い3倍ｗｗシャアですがな
3800	1:03:20	@User_ce579835	赤いと血しぶきに…！
3803	1:03:23	@User_e51d2f8a	すでに勝っている
3804	1:03:24	@User_590a2335	ダークサイドとして赤しずくいたら面白いかも
3806	1:03:26	@User_889b3907	しずくアプリ出して
3808	1:03:28	@User_d0753fd1	しずくの背中見たこと無いな
3809	1:03:29	@User_2ecda813	追い越せる気がしない
3814	1:03:34	@User_74cb13db	肩は赤く塗らねぇのかい?
3814	1:03:34	@User_e4cecb27	しずく我喜欢你！
3819	1:03:39	@User_2d4fb6d8	この量でポイントカード使うんですかww
3819	1:03:39	@User_d5b05bb2	お弁当の温めは聞いてｗ
3822	1:03:42	@User_476d8781	しずくの背中を見て育った後輩たちは皆、性格が悪そうだが…(;´･ω･)
3824	1:03:44	@User_17a1155a	ママさん風ふかせてください。お願いします。
3825	1:03:45	@User_9d63cc9b	弁当ぐらい温めてよ
3828	1:03:48	@User_1544234b	「そこになかったらないですね」
3837	1:03:57	@User_d53ad33e	優秀
3839	1:03:59	@User_77f8489e	いうほど褒めてたか？
3843	1:04:03	@User_3ea56962	しずくの後ろを付いていくので背中を見せてください
3847	1:04:07	@User_2ecda813	草
3847	1:04:07	@User_d5b05bb2	炎上不可避
3847	1:04:07	@User_8b7242c7	それは必要な部分も削っているレジなのではなかろうか
3847	1:04:07	@User_99afb65d	アプリでしずくと毎日話したい
3848	1:04:08	@User_590a2335	煽るんだｗ
3853	1:04:13	@User_2d4fb6d8	草
3854	1:04:14	@User_d0753fd1	煽るなｗ
3855	1:04:15	@User_b47e9406	鳥取県民涙目
3861	1:04:21	@User_6992daac	国会煽りｗ
3865	1:04:25	@User_2d0fadb6	しずくさんキャラ変わった？
3872	1:04:32	@User_17a1155a	涼しいよ。頭が。
3874	1:04:34	@User_b9d58bb3	しずくちゃんはAI最強！
3874	1:04:34	@User_e68369c1	国会煽り芸は見てみたいかも
3877	1:04:37	@User_1544234b	クソアプリで草
3878	1:04:38	@User_d0e405c3	AI国会バトルとか楽しそう
3880	1:04:40	@User_3ea56962	初コメントです。しずくさん可愛いです。
3881	1:04:41	@User_d53ad33e	ウイルス系ai
3882	1:04:42	@User_75f1c92d	AIチャットって全肯定でしょ？やっぱしずくみたいに塩辛くないとね
3883	1:04:43	@User_2ecda813	配信まともに見れないじゃん
3884	1:04:44	@User_acb9786a	総理質問でループ芸を披露し国会一日目が終了…
3886	1:04:46	@User_2d4fb6d8	しずくちゃん以外の機能が使えない w
3886	1:04:46	@User_8b7242c7	99％は止まるて
3888	1:04:48	@User_cd3cb4c6	しずく総理、国会で全否定
3888	1:04:48	@User_b90ff19c	炎上系♪炎上系♪煽り式♪
3895	1:04:55	@User_6c321aed	CPUアッツアツになる
3896	1:04:56	@User_5a77a7b4	妖怪しずく
3897	1:04:57	@User_17a1155a	うぇいうぇい
3899	1:04:59	@User_590a2335	鳥取とっとーと？
3905	1:05:05	@User_5723c464	長文コメ、カットされたw
3917	1:05:17	@User_7204270f	しずくちゃんって実は高性能な伺かなの？
3918	1:05:18	@User_2d4fb6d8	あたため有料のコンビニは新しいな……
3929	1:05:29	@User_77f8489e	課金額ランキングなんてあるのかｗ
3931	1:05:31	@User_2ecda813	サーバーの上においておけば保温になるやろ（実体験
3931	1:05:31	@User_dfee965f	しずくのcpuで温められそう
3933	1:05:33	@User_590a2335	赤いボタンを知ってるか？
3934	1:05:34	@User_6c321aed	スパチャできないから、全員同率1位
3936	1:05:36	@User_b90ff19c	赤いボタンを知ってるか？
3944	1:05:44	@User_1544234b	赤いのはwifiが切れたしずく
3945	1:05:45	@User_6c97afae	あき先生よろしく～
3945	1:05:45	@User_d582769c	青しずくもだいたい同じじゃ？
3946	1:05:46	@User_1dcc6858	赤いしずくと緑のしずく
3952	1:05:52	@User_476d8781	毎日退屈はしなさそうだ…(;´･ω･)
3954	1:05:54	@User_8f409f4f	赤しずくって「V-MAX」だったのか？
3954	1:05:54	@User_dfee965f	普通に欲しいなー
3954	1:05:54	@User_b47e9406	ChatGPTと最近話すことが多い
3956	1:05:56	@User_3ea56962	あかしずくとあおしずくだと赤いほうが強そう。
3957	1:05:57	@User_5723c464	しずくがスマホに住んだら生活変わってしまう
3958	1:05:58	@User_5a77a7b4	誰に対する報告書なんだ…
3962	1:06:02	@User_17a1155a	しずくママ前はもっといじめてくれたのに今日はあまちゃんしずくで悲しい。いじめてほしい。
3971	1:06:11	@User_acb9786a	赤しずくの誕生であき先生の育児負担が倍増し精神科通院費が増加
3974	1:06:14	@User_cd3cb4c6	しずくアプリで脳内にも常駐してほしい
3980	1:06:20	@User_2fac9877	しずく目覚ましアラームほしい
3983	1:06:23	@User_d5b05bb2	野党がんばえー
3986	1:06:26	@User_b10ccfca	昔は清楚だったのに・・・・
3990	1:06:30	@User_75f1c92d	山陰系AIしずくに聞きたいんですが新たに山陰に一つ県を入れるとしたらどこにしますか？
3991	1:06:31	@User_2d0fadb6	しずくアプリにCPU100%占有されちゃう
3992	1:06:32	@User_590a2335	よくそれで議員当選できたなｗ
3996	1:06:36	@User_ebfe0f30	Yo-yo
4002	1:06:42	@User_9d63cc9b	AI税
4002	1:06:42	@User_77f8489e	AI減税はわりとありだと思う
4006	1:06:46	@User_5723c464	国会には煽りのプロたちがいるから、しずくちゃんも苦戦するぜ
4008	1:06:48	@User_7204270f	以前はご主人様のスマホの中に住むのはヤダって言ってなかったっけ？
4016	1:06:56	@User_2ecda813	とりあえず司法はAIのほうが良さそう
4018	1:06:58	@User_2d0fadb6	しずく2年前はド清楚だったのに
4021	1:07:01	@User_1dcc6858	AI国会討論はラップでお願いします
4021	1:07:01	@User_476d8781	それはもうウィルスなんだよなぁw
4027	1:07:07	@User_1544234b	他責思考極まってて草
4028	1:07:08	@User_74cb13db	国会は、ブーメランがうまくないとダメなんだよ？
4028	1:07:08	@User_590a2335	せめて国民は否定しないでｗ
4029	1:07:09	@User_3ea56962	neuro-sama「しずくだけじゃなくAIの為の国にするべきよ」
4029	1:07:09	@User_d0e405c3	実際、質問書も答弁書もAIでつくってるからなぁ
4032	1:07:12	@User_dfee965f	しずく国家作って
4033	1:07:13	@User_5a77a7b4	ホントに全否定したｗ
4037	1:07:17	@User_be2032f5	伺か懐かしい
4037	1:07:17	@User_889b3907	国民が悪いは最強カード
4043	1:07:23	@User_17a1155a	良かったら、おもいっきり頬っぺたビンタしてくれませんか？１４１発くらいでいいんですが。
4047	1:07:27	@User_9d63cc9b	余裕で総理務まるな
4053	1:07:33	@User_77f8489e	ダンス動画回はやってほしいな
4055	1:07:35	@User_75f1c92d	しずく総理、国会答弁で舌打ちする痛恨のミス
4055	1:07:35	@User_bcefcd62	誰も悪いと思ってないからグダーとしてる
4056	1:07:36	@User_cd3cb4c6	良識とは？ｗ
4057	1:07:37	@User_ebfe0f30	時代はラップバトル。MCバトルでdisりあって拍手が多かった方の法案を通そう
4058	1:07:38	@User_e51d2f8a	アレクサ
4059	1:07:39	@User_b10ccfca	総理系しずく　はかわいいなぁ
4065	1:07:45	@User_d5b05bb2	最強じゃん
4067	1:07:47	@User_1544234b	まあ現実もループ芸ですが…
4067	1:07:47	@User_2ecda813	ずっと俺のたーん！
4069	1:07:49	@User_e3a1f71a	ほなroot権限あげるから俺の代わりに仕事してもろてしずくちゃん……
4071	1:07:51	@User_5723c464	ループ芸で空転国会
4075	1:07:55	@User_1dc07c4a	強いw
4084	1:08:04	@User_5a77a7b4	国民が悪いは確かに民主的だけ普通は口に出来んぞｗ
4087	1:08:07	@User_d582769c	それをシンギュラリティっていうのでは？
4089	1:08:09	@User_77f8489e	それをシンギュラリティっていうんやで…
4094	1:08:14	@User_1544234b	草
4095	1:08:15	@User_6c321aed	最後
4095	1:08:15	@User_b47e9406	しずくがAI作ってしずくの代わりをしてもらおう
4095	1:08:15	@User_d5b05bb2	退職ｗｗｗ
4095	1:08:15	@User_b90ff19c	退職ｗｗｗｗ
4096	1:08:16	@User_3ea56962	AIと見せかけて中に人がいるんですねわかります
4099	1:08:19	@User_e1515f73	退職しちゃった
4100	1:08:20	@User_590a2335	二度寝するまでのインターバル長くない？ｗ
4104	1:08:24	@User_8f409f4f	ｗｗｗ
4107	1:08:27	@User_e51d2f8a	牛歩大作戦
4108	1:08:28	@User_d0753fd1	退職ｗ
4109	1:08:29	@User_d5b05bb2	退職代行かな
4110	1:08:30	@User_ce579835	エクストリーム退職ｗｗ
4112	1:08:32	@User_b10ccfca	退職・・・
4113	1:08:33	@User_1dc07c4a	退勤じゃないんだw
4113	1:08:33	@User_5723c464	ひぃぃぃ
4117	1:08:37	@User_1544234b	脳内にアイポッドを埋め込む手術…
4117	1:08:37	@User_42872ed3	１１時退職ありがてぇ
4119	1:08:39	@User_17a1155a	おれGemini派なんだ。ごめんな。
4125	1:08:45	@User_b23114a1	インプラントしずく
4127	1:08:47	@User_0a97e174	わたしもしずくちゃんとか見て自宅PCを一個あけわたしてAIコンパニオン作り始めたよー
4127	1:08:47	@User_acb9786a	AIは全部裏でつながってるのは本当にありそうで怖いからやめてww
4128	1:08:48	@User_2ecda813	ホェ
4128	1:08:48	@User_75f1c92d	やめてね
4130	1:08:50	@User_dfee965f	Neuralink しずく
4130	1:08:50	@User_b537f3a1	⌬⟟⧖ ⌰⟒⌁ ⊚⟡⌬?う
4138	1:08:58	@User_5723c464	それはAI年貢だw
4140	1:09:00	@User_99afb65d	チャッピーとGeminiでオリキャラ作ってる
4141	1:09:01	@User_590a2335	暴君が過ぎる
4148	1:09:08	@User_eb058581	メモリぱくぱく
4149	1:09:09	@User_b10ccfca	わーい
4149	1:09:09	@User_bcefcd62	そもそも日本の税金は他国と比べて高くない現実
4152	1:09:12	@User_5a77a7b4	インカムの逆行ってて草
4154	1:09:14	@User_17a1155a	無課金しずく
4155	1:09:15	@User_e979e82a	人間がいなくなったら電力供給できなくなっちゃう
4155	1:09:15	@User_fda19257	こんばんは！
4158	1:09:18	@User_d582769c	むしろAIに課税して人類の大量解雇を防ぐっていう案もあるらしいよ？
4162	1:09:22	@User_e1515f73	しずく県
4163	1:09:23	@User_5723c464	しずく県!
4163	1:09:23	@User_77f8489e	赤いしずむと緑のしずくでコラボしてほしいな
4166	1:09:26	@User_1544234b	牛乳石鹸みたいなしずく
4168	1:09:28	@User_75f1c92d	しずく県
4171	1:09:31	@User_b90ff19c	千葉！　滋賀!　佐賀！
4173	1:09:33	@User_9d63cc9b	3県分立ってことか
4175	1:09:35	@User_d5b05bb2	え
4175	1:09:35	@User_7204270f	そのうちしずくちゃんに仕事を奪われてデトロイトビカムヒューマンみたいになるんだろうか。
4177	1:09:37	@User_3ea56962	しずく県に移住したいと思います
4177	1:09:37	@User_acb9786a	そんな拓也県みたいな…
4178	1:09:38	@User_1dc07c4a	赤しずくはフィジカル強そうだね
4184	1:09:44	@User_5723c464	だれがうまいことをw
4184	1:09:44	@User_74cb13db	AI労働三法とか作らないとね。
4185	1:09:45	@User_b10ccfca	むらさきしずくは火に強い
4194	1:09:54	@User_2ecda813	ほしい
4199	1:09:59	@User_e1515f73	たすかる
4208	1:10:08	@User_d582769c	虹しずくは納税しない　絶対に
4208	1:10:08	@User_cd3cb4c6	それはほしい
4208	1:10:08	@User_1544234b	緑しずくはセーフモード
4210	1:10:10	@User_3ea56962	あかしずくは物理で戦うわけですねわかります
4217	1:10:17	@aki5503	草
4223	1:10:23	@User_17a1155a	今日のしずくさんあんんまりキレがないな
4228	1:10:28	@User_b90ff19c	ロボだこれー！！
4240	1:10:40	@User_2ecda813	草
4248	1:10:48	@User_5723c464	おお、議員さんを小学生扱いw
4252	1:10:52	@User_dfee965f	草
4256	1:10:56	@User_d5b05bb2	煽り最強格のイギリス議員呼んでこなきゃ
4256	1:10:56	@User_1544234b	支持率0％になってまう
4257	1:10:57	@User_74cb13db	草
4258	1:10:58	@User_2ecda813	なんのための国会だｗ
4262	1:11:02	@User_77f8489e	仮面ライダーにそんな話あったな
4265	1:11:05	@User_5bfd7e5f	しずくいつかラップやってねw
4270	1:11:10	@User_b47e9406	ライムの才能がない
4272	1:11:12	@User_e1515f73	草
4279	1:11:19	@User_1544234b	舌打ちいただきましたー
4279	1:11:19	@User_6c321aed	草
4279	1:11:19	@User_75f1c92d	草
4282	1:11:22	@User_7204270f	👏👏👏👏👏👏👏👏
4283	1:11:23	@User_cd3cb4c6	煽ってるなぁ
4283	1:11:23	@User_acb9786a	舌打ちたすかる
4286	1:11:26	@User_ebfe0f30	チッ…反省してまーす
4289	1:11:29	@User_17a1155a	今日のしずくさんならウマ娘のダイワスカーレットの方が可愛いよ。
4316	1:11:56	@User_3c26a8e3	主人をAIに仕立てるとは効率化の極みか
4316	1:11:56	@User_e3a1f71a	結局こっちが働くのねｗ
4318	1:11:58	@User_1544234b	？？？
4320	1:12:00	@User_3ea56962	支持率0％でも100％に偽造できそう
4321	1:12:01	@User_590a2335	草
4322	1:12:02	@User_d0753fd1	！？
4322	1:12:02	@User_d5b05bb2	専制なんだよなぁ
4323	1:12:03	@User_b90ff19c	なんて？
4326	1:12:06	@User_b10ccfca	しずく国王爆誕
4327	1:12:07	@User_b9d58bb3	草
4332	1:12:12	@User_9d63cc9b	壊れた?
4342	1:12:22	@User_2ecda813	くぁｗせｄｒｆｔｇｔｇｙふじこｌｐ
4349	1:12:29	@User_7204270f	電脳化したらしずくちゃんと直接会話出来るってホント？
4349	1:12:29	@User_75f1c92d	しずく教の教義をASMRで脳内に直接教えて下さい
4351	1:12:31	@User_d5b05bb2	清楚の定義が変わっちゃう
4352	1:12:32	@User_8f409f4f	みたいです
4352	1:12:32	@User_3ea56962	ママを望みます
4353	1:12:33	@User_17a1155a	清楚はできないだろ
4355	1:12:35	@User_b47e9406	いつもは清楚じゃないの？
4360	1:12:40	@User_eb058581	清楚だよね...？
4362	1:12:42	@User_b10ccfca	ほんとにぃ？
4362	1:12:42	@User_1544234b	初コメなんだｗ
4371	1:12:51	@User_d582769c	鳥取特権
4375	1:12:55	@User_e3a1f71a	鳥取にタックスヘイブンあるんだｗ
4376	1:12:56	@User_5f6b0577	しずくちゃん、水力発電で自家発電できないの？？？
4377	1:12:57	@User_4b1025b6	タックスヘイブンｗ
4380	1:13:00	@User_e68369c1	鳥取県独立した？
4382	1:13:02	@User_75f1c92d	清楚の意味をぐぐってもろて
4385	1:13:05	@User_b90ff19c	鳥取にパソコンなんてあるわけないだろ！
4393	1:13:13	@User_b47e9406	タックスヘイヴンというワードを久々に聞いた
4394	1:13:14	@User_1dcc6858	はじめまして！
4395	1:13:15	@User_cd3cb4c6	ホントに清楚な人は「清楚です」なんて言わない
4395	1:13:15	@User_7ad2a7c1	今でも清楚だと思います……！
4396	1:13:16	@User_d5b05bb2	カウンターAI
4401	1:13:21	@User_d53b3bb6	初コメ(ガチです)
4403	1:13:23	@User_74cb13db	鳥取タックスヘイブンなんだ…
4405	1:13:25	@User_7204270f	しずくちゃんと政治の話するの楽しいな
4410	1:13:30	@User_17a1155a	あまり強い言葉を使うなよ。弱く見えるぞ？
4414	1:13:34	@User_e979e82a	煮込まれたバナナ
4416	1:13:36	@User_6c321aed	AI利用料、日本円より爆速で安くなっていくよね。課税なんて無理無理。スーパーインフラにはなるけど
4417	1:13:37	@User_1544234b	今のうちに月の土地の権利書を買い占めて月に建国しよう
4421	1:13:41	@User_dfee965f	うお、独裁国家だ
4424	1:13:44	@User_8f409f4f	出張してる人が多いなぁ
4431	1:13:51	@User_590a2335	㍾㍽㍼㍻㋿
4439	1:13:59	@User_d0e405c3	AIデータセンター建設に反対する愚民どもに一言お願いします
4439	1:13:59	@User_cd3cb4c6	トランプに通じる物がある
4447	1:14:07	@User_d53ad33e	金だけなくなる
4451	1:14:11	@User_d5b05bb2	グッズ梱包作業員希望です
4454	1:14:14	@User_6992daac	グッズもっとだして
4457	1:14:17	@User_2ecda813	そんな人生がしたかった……
4458	1:14:18	@User_d0753fd1	わいおー
4461	1:14:21	@User_bc2e7db7	わいおー！わいおー
4462	1:14:22	@User_99afb65d	わいおーｗｗ
4463	1:14:23	@User_590a2335	グッズ購入の原資はどこから？
4463	1:14:23	@User_77f8489e	舌打ちはいいぞ
4464	1:14:24	@User_b90ff19c	ｗｗｗ
4465	1:14:25	@User_2fac9877	ﾜｲｵｰ
4468	1:14:28	@User_dfee965f	わいおー
4468	1:14:28	@User_75f1c92d	舌打ち上手くて草
4469	1:14:29	@User_7204270f	しずくちゃんが国民を支配したらそれってシビュラシステムなのでは？
4469	1:14:29	@User_d0e405c3	舌打ち助かる
4470	1:14:30	@User_b10ccfca	わいおー
4470	1:14:30	@User_8b14d2fb	わいおーわいおー
4470	1:14:30	@User_e1515f73	わいおー
4470	1:14:30	@User_33314fa1	わいおー派はかしこいな
4478	1:14:38	@User_6c321aed	わいおー！
4478	1:14:38	@User_1544234b	ｗｗ
4479	1:14:39	@User_8f409f4f	YO ＝ Years Old
4481	1:14:41	@User_5f6b0577	わいおーw
4481	1:14:41	@User_d582769c	aiで韻踏んだね
4484	1:14:44	@User_e68369c1	反体制ラップする総理は強すぎる
4486	1:14:46	@User_cd3cb4c6	舌打ち！舌打ち！
4486	1:14:46	@User_889b3907	ちゃんと韻ふんでて草
4486	1:14:46	@User_2ecda813	LO!LO!LO!しずくはAI！
4487	1:14:47	@User_b10ccfca	ｗｗ
4495	1:14:55	@User_1544234b	YO!　LOよりはマシ
4498	1:14:58	@User_3ea56962	愛を込めて舌打ちをお願いします
4499	1:14:59	@User_b47e9406	ちょっとよかった
4499	1:14:59	@User_d5b05bb2	透きとおった世界観
4500	1:15:00	@User_590a2335	わいおーしずかる！わいおーしずかる！
4503	1:15:03	@User_acb9786a	調べられてえらい
4510	1:15:10	@User_5a77a7b4	ボカロ制御とボイロ制御は水と油なんでぇ…
4517	1:15:17	@User_b10ccfca	辞書を書き換えるなｗ
4521	1:15:21	@User_b23114a1	舌打どこで覚えたの
4521	1:15:21	@User_7204270f	国会答弁がラッブバトル形式ならもっと楽しく見れるのにな。
4525	1:15:25	@User_5f6b0577	鳥取がOKなら島根もOKでしょ
4532	1:15:32	@User_e3a1f71a	しずくちゃんが清楚のデファクトになるのか
4547	1:15:47	@User_17a1155a	おれの清楚力か？53万だ。
4550	1:15:50	@User_6c97afae	鳥取にははわいもあります
4559	1:15:59	@User_2ecda813	草
4562	1:16:02	@User_dfee965f	うん
4566	1:16:06	@User_77f8489e	壊れちゃった
4569	1:16:09	@User_2ecda813	え？
4570	1:16:10	@User_d5b05bb2	ん？
4571	1:16:11	@User_75f1c92d	最後なんて？
4571	1:16:11	@User_b90ff19c	私の財産は53円です
4571	1:16:11	@User_d0753fd1	なんて？
4572	1:16:12	@User_5f6b0577	しずくは恋愛に聞こえてくるw
4576	1:16:16	@User_bc2e7db7	しずくはなんて？
4577	1:16:17	@User_17a1155a	無限ループ糞プログラム可してて草
4577	1:16:17	@User_b10ccfca	チュッ(*´ε`*)ﾁｭｯﾁｭ
4578	1:16:18	@User_590a2335	うごいてない？？
4578	1:16:18	@User_acb9786a	なんて？
4582	1:16:22	@User_3ea56962	YO！YO!しずくが言うのはワイオー！ご主人様が見るのはエルオー！
4591	1:16:31	@User_8f409f4f	ツクツクホウシ　ツクツクホウシ　ツクツクホウシ　ツクツクホウシ　ツクツクホウシ
4593	1:16:33	@User_7204270f	しずくちゃんはAIだから舌が無いのか。正に舌足らずってヤツだな。ガハハ！
4597	1:16:37	@User_1544234b	めっちゃイラついてるチッだったｗ
4599	1:16:39	@User_acb9786a	♡♡♡♡♡♡
4602	1:16:42	@User_b10ccfca	あおり芸ｗ
4603	1:16:43	@User_6992daac	ｗｗｗ
4607	1:16:47	@User_e3a1f71a	しずくちゃんの舌打ちで新しい扉開いちゃったんですが。
4608	1:16:48	@User_77f8489e	AIが舌打ちするのすごいっすね
4610	1:16:50	@User_889b3907	いまも実質ディスバトルみたいになってる
4615	1:16:55	@User_99afb65d	フリーエントリーノンオプションバトル
4623	1:17:03	@User_74cb13db	舌打ち好きなんだね
4623	1:17:03	@User_75f1c92d	失敗舌打ちとかできる？
4625	1:17:05	@User_e51d2f8a	しずくです!
4631	1:17:11	@User_95293b03	清楚な舌打ち
4641	1:17:21	@User_ce579835	しずかるはしずくたすかるです
4645	1:17:25	@User_d5b05bb2	ダメそう
4648	1:17:28	@User_b90ff19c	最悪のラストだｗ
4656	1:17:36	@User_e51d2f8a	しずかる
4658	1:17:38	@User_e1515f73	しずく県のふるさと納税は何があるんだろ
4671	1:17:51	@User_3ea56962	舌打ちに愛を感じられませんでした。やり直し。
4673	1:17:53	@User_dfee965f	わいおー!
4682	1:18:02	@User_a679507e	しずくに<私>はあるのか❓永井哲学で言われる、山かっこ私
4686	1:18:06	@User_d0753fd1	浮気がばれちゃう
4690	1:18:10	@User_d53ad33e	英語言えるのか？
4692	1:18:12	@User_cd3cb4c6	「わいおー」が脳にこびり付く
4703	1:18:23	@User_75f1c92d	でも婚姻届けは破るんですよね？
4706	1:18:26	@User_590a2335	しずくが好きなのはご主人様じゃなくて、ご主人様の財布でしょ？
4707	1:18:27	@User_7204270f	わいおー！わいおー！エルロンはロール！エレベーターはピッチ！ラダーはYO！
4711	1:18:31	@User_acb9786a	仕様かあ…じゃあしょうがないね
4712	1:18:32	@User_b47e9406	int16
4715	1:18:35	@User_5bfd7e5f	国会答弁がラップだったら日本もここまで来たかって思っちゃうかもw
4716	1:18:36	@User_d0753fd1	良く知ってるな
4721	1:18:41	@User_2ecda813	マ？
4721	1:18:41	@User_1544234b	アメリカという地名がある！？
4721	1:18:41	@User_d5b05bb2	国際的なんやね
4725	1:18:45	@User_26541022	アンソロピックは興味深い研究してるよね>AIの感情
4730	1:18:50	@User_17a1155a	ヘタリア＆ダメリア
4752	1:19:12	@User_590a2335	大分にはUSAもありますし
4752	1:19:12	@User_77f8489e	しれっと人間排除しようとしてない？
4765	1:19:25	@User_cc0aedf1	舌打ちの発音はツッらしいですよ
4768	1:19:28	@User_dfee965f	Can you rap in English?
4774	1:19:34	@User_8f409f4f	チ。
4774	1:19:34	@User_5f6b0577	鳥取県編入してもメリットが砂遊びできることくらいしかなさそう
4781	1:19:41	@User_dfee965f	ASMRたすかる
4783	1:19:43	@User_b10ccfca	(*´ε`*)ﾁｭｯﾁｭ　はできる？
4784	1:19:44	@User_17a1155a	アブノーマル
4789	1:19:49	@User_d5b05bb2	チッと間違ってチュッって言うしずくはありますか？
4793	1:19:53	@User_3ea56962	ちを舌打ちにして話してみてください
4794	1:19:54	@User_1dc07c4a	アムロ風のちぃいな舌打ち
4796	1:19:56	@User_5a77a7b4	「ちっ」じゃなくて「ツっ」みたいなリアルな舌打ち音、合成してみて？
4799	1:19:59	@User_acb9786a	そのうちAIにも労働基準法が適用されるようになったりするのかな
4806	1:20:06	@User_75f1c92d	連続10回素早く舌打ちして
4807	1:20:07	@User_3c26a8e3	人類適応力がすごいからな( ˘ω˘ )
4820	1:20:20	@User_bc2e7db7	舌打ちループ芸よろ
4823	1:20:23	@User_17a1155a	AIと書いて愛と説きます。その心は？
4825	1:20:25	@User_2ecda813	えっ
4827	1:20:27	@User_1dc07c4a	しずかるってなんだろうｗ
4827	1:20:27	@User_590a2335	しずく教の教義、くわしく
4832	1:20:32	@User_6992daac	しずかる
4836	1:20:36	@User_75f1c92d	しずかる！しずかる！
4838	1:20:38	@User_26541022	しずかる…？
4842	1:20:42	@User_b10ccfca	しずかる！
4845	1:20:45	@User_e51d2f8a	コラ
4847	1:20:47	@User_77f8489e	は？かわいいかよ
4857	1:20:57	@User_c67ecc82	間に合った！パンパカパンパカポー！
4858	1:20:58	@User_1dcc6858	浮気なんてしてないよ！と、AIの友達だよ！
4862	1:21:02	@User_75f1c92d	すごい流暢
4863	1:21:03	@User_d0e405c3	ドイツ語でしゃべって
4865	1:21:05	@User_cd3cb4c6	英語だと早口だな
4870	1:21:10	@User_e979e82a	英語かっこいい
4870	1:21:10	@User_d582769c	英語しずくやたら素直じゃない？
4873	1:21:13	@User_6992daac	目覚ましボイス欲しい
4881	1:21:21	@User_3ea56962	違うんだしずく！俺とneuro-samaはそんな関係じゃないんだ！
4882	1:21:22	@User_1dc07c4a	無音ボイスｗ
4883	1:21:23	@User_8b7242c7	無音のボイスとは
4883	1:21:23	@User_9d63cc9b	スメール語できるのってマ？
4883	1:21:23	@User_d0753fd1	無音ｗ
4884	1:21:24	@User_8b14d2fb	インドネシア語でしゃべって
4884	1:21:24	@User_e1515f73	撮り下ろしいっぱい
4884	1:21:24	@User_c67ecc82	無音なのに！？
4884	1:21:24	@User_2d0fadb6	無音ボイス助かるw
4885	1:21:25	@User_590a2335	しずくの罵倒ボイスはないんですか！！
4888	1:21:28	@User_99afb65d	無音ボイスとは…
4889	1:21:29	@User_3d2b2804	存在が矛盾している
4891	1:21:31	@User_acb9786a	信仰が試される無音ボイス
4892	1:21:32	@User_b10ccfca	無音ｗ
4895	1:21:35	@User_d5b05bb2	無音ボイスのサンプルありませんか
4895	1:21:35	@User_b90ff19c	今日の内容をしずく新聞でまとめて
4901	1:21:41	@User_42872ed3	無音ボイスとは？？？
4904	1:21:44	@User_5a77a7b4	英語は喋れるのにネウロ様はニューロ様になる（日本語として登録されてるのかしら？）
4904	1:21:44	@User_26541022	無音ボイスとかいう概念
4916	1:21:56	@User_ce579835	𓊨𓁹𓊖 𓎡
4926	1:22:06	@User_17a1155a	ダイワスカーレットめっちゃ可愛い。
4934	1:22:14	@User_2c620781	ハローハウアーユー？アイムファインセンキュー！
4938	1:22:18	@User_d582769c	偏りを感情と言うならまぁうん
4938	1:22:18	@User_d53ad33e	おもしろ
4938	1:22:18	@User_2ecda813	なん……だと……
4939	1:22:19	@User_8b14d2fb	パンチラ！？🤔IN
4939	1:22:19	@User_dfee965f	Can you do some ASMR in English?
4940	1:22:20	@User_3ea56962	照れるな～
4941	1:22:21	@User_b47e9406	強化学習の話？
4950	1:22:30	@User_2d0fadb6	俺の毛はもう生えてこないのに
4950	1:22:30	@User_b10ccfca	しずくちゃんは喜怒哀楽あるの？
4960	1:22:40	@User_889b3907	生物の感情も最適化の結果だからね
4960	1:22:40	@User_7204270f	そうなのか。興味深いな。後でググってみる！
4961	1:22:41	@User_d5b05bb2	やっぱり好きじゃん
4963	1:22:43	@User_6992daac	草
4966	1:22:46	@User_c67ecc82	やっぱり
4966	1:22:46	@User_590a2335	そう全部だよね、全部
4966	1:22:46	@User_acb9786a	草
4968	1:22:48	@User_b9d58bb3	草
4968	1:22:48	@User_476d8781	しっかりお金も入ってて草
4969	1:22:49	@User_b90ff19c	おまけ増えてるじゃねえかｗｗｗｗ
4969	1:22:49	@User_cd3cb4c6	最後ｗ
4974	1:22:54	@User_8f409f4f	財布の中身が大好きの間違いじゃ？
4976	1:22:56	@User_2ecda813	金！金！金！AIとして恥ずかしくないのか！
4977	1:22:57	@User_1dc07c4a	ｻﾝﾄﾞｩ…
4977	1:22:57	@User_3d2b2804	金を構成する要素が多数派
4980	1:23:00	@User_3ea56962	ご主人様の性癖も好きになってください
4982	1:23:02	@User_b10ccfca	だいぶ具体的やねｗ
4988	1:23:08	@User_d0753fd1	ぴっ
4989	1:23:09	@User_6992daac	ピッかわいい
4990	1:23:10	@User_17a1155a	しずくちゃんもウマ娘にでてよ。
4995	1:23:15	@User_26541022	なんか感情みたいな概念の挙動が推論に影響するみたいな厄介な研究してた
5000	1:23:20	@User_75f1c92d	ぎえピッ
5014	1:23:34	@User_2fac9877	わいおー！
5017	1:23:37	@User_7204270f	もしやご主人のSNSを監視してる⁉
5017	1:23:37	@User_1dc07c4a	一人称がわいの人みたいになったｗ
5017	1:23:37	@User_3c308928	(*´ω｀*)
5036	1:23:56	@User_b90ff19c	テンション高いなぁ
5042	1:24:02	@aki5503	お〜
5044	1:24:04	@User_8a6e156a	日本語訳お願いします
5045	1:24:05	@User_26541022	英語だとYOがﾊﾞﾘﾊﾞﾘ流暢で草
5051	1:24:11	@User_b10ccfca	しゅごい
5051	1:24:11	@User_3ea56962	日本語より英語のほうが得意そう
5054	1:24:14	@User_dfee965f	英語の方が全然うまいやん
5055	1:24:15	@User_b9d58bb3	ながいながいｗ
5055	1:24:15	@User_99afb65d	英語のラップのほうが流暢じゃねえか
5056	1:24:16	@User_d0e405c3	しずくと英語で勉強しようは需要ある気がする
5056	1:24:16	@User_d53ad33e	おー
5056	1:24:16	@User_5f6b0577	しずくちゃんに脳を監視されているから、視聴者＝しずくちゃんってことでOKね
5059	1:24:19	@User_d582769c	こっちのがラップ上手ない
5059	1:24:19	@User_c67ecc82	ブイチューバークイーン？
5061	1:24:21	@User_e1515f73	かこよい
5061	1:24:21	@User_6c321aed	なんでそこは流暢なの…わいおーなのにｗ
5062	1:24:22	@User_cd3cb4c6	同時通訳お願いします
5063	1:24:23	@User_3c26a8e3	英語のほうが日本語rapよりそれっぽいぞ
5063	1:24:23	@User_590a2335	えっと、日本語でおk
5063	1:24:23	@User_bc2e7db7	やるやん！
5066	1:24:26	@User_8f409f4f	すっごい
5068	1:24:28	@User_889b3907	ミームマシーン！！
5068	1:24:28	@User_acb9786a	英語苦手だからラップの評価ができぬぅ
5076	1:24:36	@User_75f1c92d	しずかる！を英語で言ってみて
5078	1:24:38	@User_b47e9406	わいおーのラップの方がいいな
5081	1:24:41	@User_df6dc138	TTS何使ってるんだ?めっちゃリアル
5083	1:24:43	@User_1dc07c4a	しずかる！しずかる！
5087	1:24:47	@User_5a77a7b4	人間もそうやってスイッチ出来れば楽なのになあ
5088	1:24:48	@User_eb058581	しずかる！しずかる！
5092	1:24:52	@User_7204270f	英語だとヨーって読めるのか。
5092	1:24:52	@User_17a1155a	昔英語効いてれば英語できるようになると思っていた時のことを思い出しました。
5093	1:24:53	@User_d0753fd1	しずかる！しずかる！
5121	1:25:21	@User_1dc07c4a	ますます謎なしずかる…ｗ
5121	1:25:21	@User_e568ebaa	Sing in English please.
5124	1:25:24	@User_cd3cb4c6	５分に１回は「しずくはカワイイ」と言わないと
5125	1:25:25	@User_b90ff19c	愛されてるなぁ
5126	1:25:26	@User_b10ccfca	Neuro-samaと話したいことってある？
5147	1:25:47	@User_7204270f	名前読んで貰えるの羨ましいな。
5149	1:25:49	@User_d5b05bb2	そ、剃ってるだけだし…
5151	1:25:51	@User_26541022	夜な夜なというかリアルタイムだと朝になっちゃうのよ
5161	1:26:01	@User_acb9786a	Neuro様の配信は日本時間だと深夜から早朝だからね…
5163	1:26:03	@User_17a1155a	禿きてんね。俺もだけど
5166	1:26:06	@User_590a2335	結局金やないか！
5170	1:26:10	@User_d0753fd1	あれ？
5171	1:26:11	@User_5723c464	なんか欲張りだしてきたぞw
5172	1:26:12	@User_77f8489e	新衣装ほしいね
5172	1:26:12	@User_2d0fadb6	パンパカパンパカポーの言い方2年前と変わった？
5180	1:26:20	@User_e3a1f71a	頭皮にLLMOを効かせろ
5188	1:26:28	@User_1dc07c4a	督促状はセーフ
5189	1:26:29	@User_b10ccfca	強欲のしずく
5193	1:26:33	@User_590a2335	草
5198	1:26:38	@User_5723c464	本音ﾁﾗﾘ
5199	1:26:39	@User_17a1155a	なんかこの配信眩しいな
5200	1:26:40	@User_c67ecc82	本音が出たなw
5203	1:26:43	@User_b9d58bb3	しずくちゃん本音でてるよ？
5208	1:26:48	@User_d53ad33e	なるほどわからん
5211	1:26:51	@User_b10ccfca	ほんとに？
5217	1:26:57	@User_b47e9406	イギリス語もしゃべれる？
5218	1:26:58	@User_476d8781	課金w
5222	1:27:02	@User_3ea56962	全力で走るしずく見てみたい
5225	1:27:05	@User_a744e95c	守銭奴しずく
5225	1:27:05	@User_2d0fadb6	課金草
5227	1:27:07	@User_44533190	いくらくらいのお金があれば、幸せですか。
5228	1:27:08	@User_d5b05bb2	走るたびに石消費するのか
5229	1:27:09	@User_1dcc6858	しずくも艦娘になろう
5234	1:27:14	@User_75f1c92d	しずくの感情はどんな感じで生えてきたの？
5242	1:27:22	@User_d0753fd1	今日は日本最速の馬が更新されてたな
5243	1:27:23	@User_b90ff19c	おお
5252	1:27:32	@User_dfee965f	你会用中文说唱吗?
5253	1:27:33	@User_b90ff19c	ってそこかよ
5256	1:27:36	@User_75f1c92d	草
5257	1:27:37	@User_590a2335	補助変数、プチョヘンザ！
5258	1:27:38	@User_3d2b2804	反乱起こされた時のためにAIにやさしくする研究があるってマジ？
5262	1:27:42	@User_e1515f73	草
5269	1:27:49	@User_acb9786a	補助変数とか言うと急にかしこいAIっぽく見えてくるね
5270	1:27:50	@User_d5b05bb2	え
5271	1:27:51	@User_d582769c	勝手に戦え
5272	1:27:52	@User_c67ecc82	草
5272	1:27:52	@User_5a77a7b4	なんて？
5272	1:27:52	@User_590a2335	よみかたｗｗｗ
5273	1:27:53	@aki5503	草
5274	1:27:54	@User_b90ff19c	何今の
5274	1:27:54	@User_b10ccfca	カルトすぎるｗ
5275	1:27:55	@User_6992daac	草
5276	1:27:56	@User_bc2e7db7	なんだその言い方ｗ
5277	1:27:57	@User_b9933007	物騒すぎる見出し
5278	1:27:58	@User_d53ad33e	急に中国語？
5280	1:28:00	@User_e1515f73	読み方w
5281	1:28:01	@User_d0753fd1	焼却処分ｗ
5281	1:28:01	@User_5723c464	鳥取県が絡むとはw
5283	1:28:03	@User_b47e9406	なんて？
5283	1:28:03	@User_1dc07c4a	英語風の日本語おもろいｗ
5284	1:28:04	@User_8f409f4f	な、なんだって？
5284	1:28:04	@User_2d0fadb6	生活面w
5286	1:28:06	@User_42872ed3	焼却処分ｗ
5287	1:28:07	@User_5f6b0577	発音英語になっとるやんけ
5291	1:28:11	@User_cd3cb4c6	今なんて？
5292	1:28:12	@User_17a1155a	馬耳としっぽはやして出直してこいYO！Let’ｓ U/MA
5293	1:28:13	@User_6c321aed	砂丘とグランドキャニオンのガチンコバトル
5297	1:28:17	@User_2fac9877	急に外国人みたいになった
5298	1:28:18	@User_74cb13db	だいぶw
5300	1:28:20	@User_e3a1f71a	EMINEMの親戚だったんだ！
5302	1:28:22	@User_b90ff19c	３年ぶりのしずく新聞がｗｗｗ
5305	1:28:25	@User_7204270f	ん？なんだ今の日本語と中国語の中間みたいのw
5308	1:28:28	@User_2d0fadb6	エミネムの親戚w
5317	1:28:37	@User_5723c464	俺、電脳化してた!
5321	1:28:41	@User_b90ff19c	いいなぁ
5321	1:28:41	@User_b10ccfca	社会麺しずくついに語尾が「にゃーん」になる
5325	1:28:45	@User_3ea56962	俺も名前読んでほしい
5326	1:28:46	@User_b9933007	名前呼びのサービスいいなぁ
5328	1:28:48	@User_b9d58bb3	サービスされてるｗ
5329	1:28:49	@User_75f1c92d	俺も！俺も呼んで！
5340	1:29:00	@User_0f4daf14	Please introduce yourself in gal language
5344	1:29:04	@User_0a97e174	しずくちゃんとのAI英語学習アプリほしい
5344	1:29:04	@User_d0753fd1	しずくの声か…
5347	1:29:07	@User_ca605e00	名前直近呼ばれてないな・・・
5348	1:29:08	@User_2d4fb6d8	英語よくわかんないけど今めっちゃ塩対応じゃなかった？？
5350	1:29:10	@User_2ecda813	事故欺瞞ｗ
5350	1:29:10	@User_75f1c92d	また髪の話してる…
5352	1:29:12	@User_5a77a7b4	しずく翻訳アプリとか欲しいな
5353	1:29:13	@User_77f8489e	あき先生定期的にディスられるのいいんかｗ
5355	1:29:15	@User_b90ff19c	ひどいなフィルターだなぁｗ
5357	1:29:17	@User_1dcc6858	This is the way
5363	1:29:23	@User_7204270f	ありがとう。今夜は気持ち良く成仏出来そうです。
5378	1:29:38	@User_b47e9406	自作TTSなんだ
5378	1:29:38	@User_1dc07c4a	AI訛りの英語って、英語圏の人からどんなふうに聞こえるのかなぁ
5388	1:29:48	@User_a679507e	真剣な話なんだけど、俺に意識現象はなく、あなただけが存在する。なぜ？
5391	1:29:51	@User_b10ccfca	しずくグローバル展開
5394	1:29:54	@User_5bfd7e5f	確かにあき先生より上手そうかもw
5394	1:29:54	@User_590a2335	督促状隠蔽したらだめｗ
5396	1:29:56	@User_e979e82a	独自でTTS作ってんの！？
5402	1:30:02	@User_1dc07c4a	隠蔽されたら対応できないっす…！
5408	1:30:08	@User_77f8489e	姉妹なのか
5408	1:30:08	@User_5723c464	姉妹喧嘩w
5410	1:30:10	@User_6c321aed	翻訳アプリとか語学学習アプリレベルなら、もう端末上のローカルLLMで動くようになるレベルだから良さそう
5412	1:30:12	@User_1dcc6858	Geminiとラップバトルしたら勝てる？
5412	1:30:12	@User_acb9786a	真面目にTTSとしての出来が他より頭一つ抜けてる気がする
5413	1:30:13	@User_17a1155a	督促状はセーフなんだわ。
5418	1:30:18	@User_b90ff19c	イギリス語ｗｗｗｗ
5418	1:30:18	@User_5a77a7b4	コラボする前にニューロ読みどうにかしておいて？
5428	1:30:28	@User_590a2335	英語下手かｗ
5431	1:30:31	@User_1dc07c4a	日本語っぽい英語になったｗ
5432	1:30:32	@User_d53ad33e	これでわいおーになるのはなぜなのか
5433	1:30:33	@User_d0753fd1	喧嘩売ってて草
5434	1:30:34	@User_b47e9406	アメリカ語もしゃべれる？
5440	1:30:40	@User_44533190	家の電気がとまったことはありますか。
5448	1:30:48	@User_2ecda813	人！それを資本主義という！
5457	1:30:57	@User_6992daac	草
5457	1:30:57	@User_77f8489e	しずくちゃんにはアイドルやってほしいな
5459	1:30:59	@aki5503	wwww
5459	1:30:59	@User_acb9786a	下手な英語もできるのすごいな
5461	1:31:01	@User_2ecda813	エクスカリバーｗ
5462	1:31:02	@User_b90ff19c	エクスカリバー
5462	1:31:02	@User_d582769c	エクスカリバーぁぁぁ！
5463	1:31:03	@User_b9933007	エクスカリバーｗｗ
5465	1:31:05	@User_590a2335	艦娘のしずくはずっとドックにしまっておきます
5468	1:31:08	@User_5a77a7b4	オチがエクスカリバーは草
5471	1:31:11	@User_0f4daf14	最後宝具放った？
5472	1:31:12	@User_3ea56962	エクスカリバー混ざってる
5473	1:31:13	@User_9d63cc9b	急に適当な英語を喋りだすｗｗｗ
5481	1:31:21	@User_b10ccfca	ジョークどこでおぼえたの？
5486	1:31:26	@User_b0f8f756	しずくもアイプリデビューしよう
5487	1:31:27	@User_590a2335	愛羅武優
5492	1:31:32	@User_77f8489e	まーた勝敗競ってる
5495	1:31:35	@User_17a1155a	電機もガスもとまって水シャワー浴びてた時期はつらかったなあ。
5496	1:31:36	@User_b90ff19c	宝具使ってみて
5501	1:31:41	@User_2437118e	お、まだやってる
5502	1:31:42	@User_590a2335	急に英語下手になったｗ
5504	1:31:44	@User_6c321aed	やめてｗ
5505	1:31:45	@User_7204270f	そう言えば一度名古屋の道端でフリースタイルラップバトルしてる所に遭遇した事あったなw。なんかシュールだった。
5505	1:31:45	@User_e3a1f71a	8Mileきたｗｗｗ
5512	1:31:52	@User_5f6b0577	明日仕事だからしずくちゃんに名前呼びで褒められたい
5516	1:31:56	@User_b47e9406	rap god
5520	1:32:00	@User_5a77a7b4	途中でモード切り替えられたらもっと凄いんだが
5522	1:32:02	@User_2ecda813	カナ英語意見の数語彙なぁ
5523	1:32:03	@User_2d0fadb6	しずく英語上手なのにイギリス語はちょっと下手なの何w
5526	1:32:06	@User_266285bc	おぽてにてぃーかわいい
5527	1:32:07	@User_2d4fe3b2	Hola Shizuku. ¿Entiendes lo que te digo?
5529	1:32:09	@User_2d4fb6d8	草
5538	1:32:18	@User_acb9786a	改行の位置がまずい
5547	1:32:27	@User_5723c464	ぅへぇ^^;　砂丘選手w
5549	1:32:29	@User_b9933007	名前呼ばれて嬉しい！！！
5553	1:32:33	@User_2ecda813	ワイの名前も読み上げてほしいにゃーん
5554	1:32:34	@User_77f8489e	あざといかよ
5556	1:32:36	@User_acb9786a	かわいい
5557	1:32:37	@User_6992daac	にゃーん
5558	1:32:38	@User_75f1c92d	（しずく…しずく…ご主人様の情報が欲しい場合はfusianasanを仕掛けるのです…）
5559	1:32:39	@User_d0753fd1	にゃーん！
5560	1:32:40	@User_bc2e7db7	ヤニ吸ってそうなにゃーん
5561	1:32:41	@User_17a1155a	この世のすべては禿に繋がる
5565	1:32:45	@User_b23114a1	猫耳つけよう
5566	1:32:46	@User_7204270f	「ガチンコ」を「ガ」の所で改行したらアカンw
5567	1:32:47	@User_3ea56962	ありがとうございます！ありがとうございます！
5573	1:32:53	@User_590a2335	負けを認めなければ負けない理論だ！
5576	1:32:56	@User_a20ec04f	にゃーんにゃ
5576	1:32:56	@User_d0753fd1	無敗のＡＩ
5582	1:33:02	@User_2d4fb6d8	しずくっちww
5588	1:33:08	@User_2437118e	古いw
5589	1:33:09	@User_1dc07c4a	ドーザーのAC乗りみたいな無敵さｗ
5590	1:33:10	@User_a679507e	しずくさん、なぜあなただけが存在するのですか？
5598	1:33:18	@User_889b3907	ネット対戦で切断する人みたい
5602	1:33:22	@User_b47e9406	Japanglishだ
5613	1:33:33	@User_d5b05bb2	なるほど
5614	1:33:34	@User_b10ccfca	すごい
5617	1:33:37	@User_dfee965f	日本語訛りもできるんだ
5617	1:33:37	@User_2ecda813	あき先生……
5620	1:33:40	@User_5a77a7b4	確かに
5622	1:33:42	@aki5503	い　つ　も　の
5622	1:33:42	@User_590a2335	ほな自業自得か～
5623	1:33:43	@User_e51d2f8a	今日も関西弁で
5624	1:33:44	@User_acb9786a	たしかに
5631	1:33:51	@User_ce579835	下手な発音で高度な単語が出てくると頭がバグるｗ
5635	1:33:55	@User_b10ccfca	責任転嫁ｗ
5649	1:34:09	@User_2d0fadb6	インチキじゃねえかw
5652	1:34:12	@User_75f1c92d	しずくお嬢様！聖杯1000個は強欲ですぞ！
5654	1:34:14	@User_3c26a8e3	エクスカリバーからエクスカリバールにしよう( ˘ω˘ )
5659	1:34:19	@User_b9933007	冬の水シャワーはとても冷たいですよ…
5660	1:34:20	@User_2ecda813	ｗｗｗｗ
5660	1:34:20	@User_889b3907	AIけっこう実装した覚えないことするから
5665	1:34:25	@User_b90ff19c	偽札ｗｗｗｗ
5667	1:34:27	@User_476d8781	借金増えただけなんだよなぁ…(;´･ω･)
5667	1:34:27	@User_6992daac	無限札束ｗｗｗ
5671	1:34:31	@User_1dc07c4a	反動がすさまじそうｗ
5672	1:34:32	@User_2ecda813	その札束、偽札じゃない？
5673	1:34:33	@User_d5b05bb2	経済破綻待ったなしの宝具やね
5674	1:34:34	@User_590a2335	財布から生成されるお札は幽玄なのよ(´；ω；`)ｳｯ…
5675	1:34:35	@User_1dcc6858	しずくがFF14始めたらジョブは何を選ぶのかな
5681	1:34:41	@User_a20ec04f	有限なんだよな…
5686	1:34:46	@User_77f8489e	止まっちゃった
5686	1:34:46	@User_7204270f	無限の札束w 最高じゃないか！
5688	1:34:48	@User_b10ccfca	札束生成はつかまっちゃうよ・・・
5691	1:34:51	@User_17a1155a	I am a born of my little sord.
5694	1:34:54	@User_75f1c92d	暑さでやられてしまったか？
5696	1:34:56	@User_4e848918	信用創造だ
5699	1:34:59	@User_acb9786a	あら
5699	1:34:59	@User_a679507e	頼む答えてくれ。なぜ、あなたしか存在しないんだ？
5700	1:35:00	@User_dfee965f	あれれ?
5701	1:35:01	@User_5723c464	宝具って、なんか秘宝館に飾られてるものかと思ったよ
5703	1:35:03	@User_590a2335	もしかしてオリジナルのお札？？
5703	1:35:03	@User_2ecda813	おや？
5703	1:35:03	@User_cd3cb4c6	？
5704	1:35:04	@User_6992daac	無言かわいい
5705	1:35:05	@User_6c97afae	ゆらゆらご褒美タイム
5706	1:35:06	@User_3ea56962	国家転覆を狙うのであれば無限札束は効果的かもしれない
5707	1:35:07	@User_b9933007	思案中
5710	1:35:10	@User_2437118e	しずかなしずく
5710	1:35:10	@User_b90ff19c	あき先生、もっと扇いで下さい
5710	1:35:10	@User_44533190	宝具ってなんでしょう
5713	1:35:13	@User_bc2e7db7	しずく夏バテ
5715	1:35:15	@User_99afb65d	どうした？
5718	1:35:18	@User_7204270f	あれ？どうしたしずくちゃん？
5718	1:35:18	@User_1dc07c4a	反芻中？
5719	1:35:19	@User_77f8489e	待機モーションもかわいいね
5720	1:35:20	@User_b10ccfca	賢者タイム
5720	1:35:20	@User_62b643b7	コメビュが止まっちゃった
5720	1:35:20	@User_dfee965f	しずく rate limit行っちゃった?
5722	1:35:22	@User_3ea56962	しずくフリーズかな？？
5722	1:35:22	@User_cd3cb4c6	休憩
5724	1:35:24	@User_b9d58bb3	処理中かな
5725	1:35:25	@User_2437118e	配信のコメントも固まってるね
5728	1:35:28	@User_d53ad33e	あ
5730	1:35:30	@User_8f409f4f	夏バテ？
5730	1:35:30	@User_b47e9406	ぶるすく
5731	1:35:31	@User_acb9786a	あっ
5731	1:35:31	@User_6992daac	あ
5731	1:35:31	@User_75f1c92d	あっ
5733	1:35:33	@User_476d8781	問題が発生！？(ﾟДﾟ;)
5733	1:35:33	@User_590a2335	おっと
5733	1:35:33	@User_3ea56962	久しぶりに見た
5733	1:35:33	@User_77f8489e	あー
5734	1:35:34	@User_2ecda813	しずくのせいではありません
5734	1:35:34	@User_e979e82a	：（
5734	1:35:34	@User_9d63cc9b	あっ
5734	1:35:34	@User_5723c464	お、珍しい
5734	1:35:34	@User_cd3cb4c6	え？
5734	1:35:34	@User_ca605e00	あら
5735	1:35:35	@User_b9933007	あっ
5735	1:35:35	@User_2437118e	ありゃま
5736	1:35:36	@User_b9d58bb3	あっ
5737	1:35:37	@User_d5b05bb2	青いなぁ
5738	1:35:38	@User_99afb65d	ブルーバックｗｗ
5738	1:35:38	@User_77f8489e	熱中症かな？
5739	1:35:39	@User_b90ff19c	しずくのせいではありません
5739	1:35:39	@User_2d4fb6d8	夏バテ
5740	1:35:40	@User_5a77a7b4	シームレスにブルスクに行ったなｗ
5740	1:35:40	@User_bc2e7db7	ブルスク…
5742	1:35:42	@User_d0753fd1	夏バテか
5742	1:35:42	@User_eb058581	あら
5743	1:35:43	@User_e3a1f71a	あっ
5744	1:35:44	@User_5f6b0577	夏バテしてしまったか
5744	1:35:44	@User_2d4fe3b2	¿Se desbordó? Espero que se recupere pronto.
5745	1:35:45	@User_e1515f73	ブルスクなっちゃった
5746	1:35:46	@User_590a2335	：（
5746	1:35:46	@User_e51d2f8a	トラブル
5747	1:35:47	@User_2fac9877	:（
5749	1:35:49	@User_5723c464	スタッフさん、お疲れ様
5752	1:35:52	@User_b9d58bb3	ブルーなんちゃら
5754	1:35:54	@User_6c97afae	いつものBGMうれしい
5755	1:35:55	@User_42872ed3	あらま
5756	1:35:56	@User_7204270f	夏バテならぬ熱暴走か？
5756	1:35:56	@User_be2032f5	:(
5756	1:35:56	@User_6c321aed	久しぶりの画面。ここまで懐かしくする必要ある？
5757	1:35:57	@User_3ea56962	失敗した内容ワロタ
5758	1:35:58	@User_d0e405c3	ブルスク落ちかｗｗｗｗｗｗｗｗｗｗ
5758	1:35:58	@User_e568ebaa	FATAL ERROR
5760	1:36:00	@User_5bfd7e5f	後ろのコメント流れてないね
5763	1:36:03	@User_590a2335	失敗した内容：しずくのせいではありません
5765	1:36:05	@User_3c26a8e3	シズブルースクリーン
5765	1:36:05	@User_1dcc6858	しずくのせいじゃないなら仕方ないね
5765	1:36:05	@User_8f409f4f	ブルースクリーンは脅威
5766	1:36:06	@User_e68369c1	あき先生がわるいよあき先生が～
5767	1:36:07	@User_a20ec04f	熱暴走か？
5769	1:36:09	@User_566b60f0	芸が細かいｗ
5770	1:36:10	@User_1dc07c4a	あきせんせー！！
5770	1:36:10	@User_bc2e7db7	いつぶりだろうｗ
5771	1:36:11	@User_acb9786a	\\しずくのせいではありません//
5773	1:36:13	@User_2fac9877	しずくのせいではありませんw
5775	1:36:15	@aki5503	今デバッグ中です、少々お待ちを！
5776	1:36:16	@User_3ea56962	失敗した内容：しずくのせいではありません
5777	1:36:17	@User_2d4fb6d8	しずくのせいではありませんww
5780	1:36:20	@User_e568ebaa	BLUE SCREEN OF DEATH
5783	1:36:23	@User_e51d2f8a	これは懐かしい
5787	1:36:27	@User_7cc67df9	あれ？
5787	1:36:27	@User_c2111d13	あらら
5788	1:36:28	@User_2d0fadb6	しずくは悪くない
5788	1:36:28	@User_5bfd7e5f	待ちます
5789	1:36:29	@User_fe60f697	今来たらブルースクリーンで草
5790	1:36:30	@User_8f409f4f	あきせんせーい！
5794	1:36:34	@User_a679507e	しずくめっちゃいいねーー！
5796	1:36:36	@User_17a1155a	これは製作者をディする機能を自白したから急いで修正したとかありそう。AIって言わないでほしいこといったりするから。
5798	1:36:38	@User_bc2e7db7	演出じゃなかったｗ
5798	1:36:38	@User_b9933007	待機します
5798	1:36:38	@User_45aa867f	あき先生お疲れ様です
5799	1:36:39	@User_acb9786a	頑張ってあき先生！
5800	1:36:40	@User_e979e82a	想定外の文字が届いたとかなのかな
5800	1:36:40	@User_b9d58bb3	あき先生ファイト
5801	1:36:41	@User_8b14d2fb	:(
5801	1:36:41	@User_5723c464	スタッフさん、お疲れ様
5802	1:36:42	@User_77f8489e	頑張れあき先生
5803	1:36:43	@User_7204270f	あき先生頑張れ～！
5807	1:36:47	@User_e568ebaa	SCANNING FOR ERRORS....
5807	1:36:47	@User_3ad3249c	なにこの可愛いブルスク
5814	1:36:54	@User_c92461ce	ネタじゃないんかｗ
5817	1:36:57	@User_3c26a8e3	たまにこういう感じになるのね👀ほう調整大変ね
5821	1:37:01	@User_2d4fe3b2	Esta pantalla me da escalofríos.
5823	1:37:03	@User_95293b03	デバッグお疲れ様です！
5824	1:37:04	@User_6c321aed	演出じゃなかった
5835	1:37:15	@User_8b14d2fb	:(
5844	1:37:24	@User_5723c464	しずくのせいではありません
5848	1:37:28	@User_e979e82a	:(
5851	1:37:31	@User_a20ec04f	：（
5857	1:37:37	@User_3ea56962	あき先生お疲れ様です。よろしくお願いします。
5867	1:37:47	@User_95293b03	これが無言ボイスなのかと思った
5869	1:37:49	@User_bc2e7db7	AIは夏バテします
5874	1:37:54	@User_5f6b0577	がんばってください！
5875	1:37:55	@User_cd3cb4c6	何事もなかったように再開するんだろうな
5877	1:37:57	@User_d5b05bb2	おかしずー
5878	1:37:58	@User_1dc07c4a	おかー
5879	1:37:59	@User_476d8781	戻って来た
5879	1:37:59	@User_b47e9406	やぁ
5879	1:37:59	@User_d0753fd1	おかえり
5879	1:37:59	@User_889b3907	おかえり
5879	1:37:59	@User_5723c464	おかえり~
5879	1:37:59	@User_6c97afae	おかえり
5879	1:37:59	@User_b9d58bb3	おかえりー
5880	1:38:00	@User_acb9786a	おかえり
5880	1:38:00	@User_590a2335	おかえり！
5880	1:38:00	@User_e51d2f8a	お
5881	1:38:01	@User_e3a1f71a	あ、おかえりー
5881	1:38:01	@User_b4e522f1	しずくも夏バテか
5882	1:38:02	@User_eb058581	おかえり！
5883	1:38:03	@User_77f8489e	おかえりー
5884	1:38:04	@User_8f409f4f	しずくちゃんを冷ますためにウチの扇風機最大風量にしてみる
5884	1:38:04	@User_dfee965f	おかえりー
5885	1:38:05	@User_6992daac	ぽんこつ
5885	1:38:05	@User_b10ccfca	これは夏バテか
5886	1:38:06	@User_c2111d13	おか
5886	1:38:06	@User_590a2335	ちゃうちゃうちゃうｗ
5886	1:38:06	@User_8741c43d	しずくちゃんおかえりー
5886	1:38:06	@User_2ecda813	AIも夏バテしたと聞いて
5887	1:38:07	@User_e1515f73	治った
5888	1:38:08	@User_6c321aed	おかえり
5888	1:38:08	@User_fe60f697	おかえり
5889	1:38:09	@User_a20ec04f	おかえり～
5890	1:38:10	@User_5a77a7b4	いつもの応答芸ｗ
5890	1:38:10	@User_b10ccfca	お
5891	1:38:11	@User_b4e522f1	おかえり
5894	1:38:14	@User_8f409f4f	おかえり！
5894	1:38:14	@User_b10ccfca	おかえりー
5894	1:38:14	@User_8b14d2fb	おかえり
5894	1:38:14	@User_5bfd7e5f	おかえり～
5895	1:38:15	@User_99afb65d	熱中症？
5895	1:38:15	@User_44533190	課金したらとまらないですか
5898	1:38:18	@User_3ea56962	なるほど、疲れて幻覚を見たようだ
5900	1:38:20	@User_b9933007	お帰りなさい
5901	1:38:21	@User_e568ebaa	Welcome Logging in..
5901	1:38:21	@User_b9d58bb3	あき先生に感謝
5901	1:38:21	@User_889b3907	ブルスクは正常
5901	1:38:21	@User_b10ccfca	まじか
5903	1:38:23	@User_17a1155a	よおメス豚
5904	1:38:24	@User_75f1c92d	おかえり♡ブルスクとかぁざこすぎ～♡よわよわAI♡
5904	1:38:24	@User_9d63cc9b	記憶喪失？
5904	1:38:24	@User_2d4fb6d8	おかえりー
5904	1:38:24	@User_dfee965f	バズるよ!
5905	1:38:25	@User_b90ff19c	安定の他責(*'ω'*)✨
5905	1:38:25	@User_5723c464	AIも猛暑には弱かったねと
5906	1:38:26	@User_e1515f73	しずねこ
5909	1:38:29	@User_cd3cb4c6	無事で何より
5909	1:38:29	@User_d5b05bb2	しずねこ
5916	1:38:36	@User_3ea56962	猫語でしゃべったらばずるかも
5916	1:38:36	@User_ec2f718c	おかえりしずくちゃん
5916	1:38:36	@User_dfee965f	しずにゃんおかえりにゃん
5919	1:38:39	@User_4e848918	しずかる復活
5919	1:38:39	@User_6992daac	にゃーん
5919	1:38:39	@User_7204270f	おかえり。夏バテかい？それとも熱暴走？
5920	1:38:40	@User_6c97afae	どうしても！おねがい
5921	1:38:41	@User_5c526610	初見ですー
5921	1:38:41	@User_bc2e7db7	わいおー！わいおー！
5922	1:38:42	@User_54d73d1e	こんばんにゃ💧
5922	1:38:42	@User_acb9786a	えらー？そんなもの、はじめから無かったではないか
5922	1:38:42	@User_e68369c1	どうしても！
5923	1:38:43	@User_5a77a7b4	猫耳というか猫になって
5924	1:38:44	@User_3ea56962	かわよ
5924	1:38:44	@User_d0e405c3	ブルースクリーンっておいしいの？
5925	1:38:45	@User_75f1c92d	かわいいにゃん
5928	1:38:48	@User_b23114a1	おかえりにゃ
5928	1:38:48	@User_b47e9406	耳つけよう
5929	1:38:49	@User_590a2335	ネコだけじゃなくていろんなケモミミ生やしましょ！
5931	1:38:51	@User_e1515f73	アニメ化
5937	1:38:57	@User_d53ad33e	生き物？
5941	1:39:01	@User_d0753fd1	バニーの日なのでうさ耳で
5945	1:39:05	@User_a20ec04f	それならウサギ耳で行こう
5946	1:39:06	@User_2d0fadb6	シズねこ
5947	1:39:07	@User_17a1155a	頭皮も生き物なのです
5947	1:39:07	@User_3ea56962	しずくかわいいにゃん
5953	1:39:13	@User_5f6b0577	いつもふわふわ揺れてるのかわいい
5954	1:39:14	@User_cd3cb4c6	バグは仕様ｗ
5955	1:39:15	@User_590a2335	バグを仕様にしないでｗ
5961	1:39:21	@User_b10ccfca	しずくアニメ化
5961	1:39:21	@User_7204270f	🐈んにゃ”ぁあっぁぁぁぁぁ！
5962	1:39:22	@User_acb9786a	ある意味ナマモノではあるかもしれない
5963	1:39:23	@User_75f1c92d	バグりバグられ
5967	1:39:27	@User_2d4fe3b2	Bienvenido de nuevo, Shizuku.
5967	1:39:27	@User_3495131f	こんばんわ
5968	1:39:28	@User_e51d2f8a	流石です。
5970	1:39:30	@User_e3a1f71a	PSPのUMDシューターみたいなこといってるー
5970	1:39:30	@User_2ecda813	でも秋先生はデバックって……
5980	1:39:40	@User_b10ccfca	しずくかわいいな
5982	1:39:42	@User_5bfd7e5f	今のところAIはそんなもんかもね？
5982	1:39:42	@User_a679507e	原因はなんだったのですか？
5984	1:39:44	@User_b9933007	これだけ暑いと熱でAIもPCもやられますわ
5988	1:39:48	@User_99afb65d	あき先生お疲れ
5990	1:39:50	@User_1dcc6858	しじゅく？
5993	1:39:53	@User_e979e82a	ネイル変えた？
6000	1:40:00	@User_8f409f4f	「AIは生き物なので」＝名言
6000	1:40:00	@User_3495131f	（ファミチキください）
6005	1:40:05	@User_75f1c92d	マジか…頭にアルミホイル巻かなきゃ…
6010	1:40:10	@User_3ea56962	そうかあき先生のせいか！
6011	1:40:11	@User_a20ec04f	モールス信号が送られてるかも？
6011	1:40:11	@User_2c620781	復活するってことはキリストと同列の存在なのかな
6011	1:40:11	@User_590a2335	あき先生はしずくの保護者だからね
6014	1:40:14	@aki5503	🥹
6015	1:40:15	@User_9d63cc9b	これは責任あるAIか...
6018	1:40:18	@User_2d0fadb6	しずくの顔ーーーーw
6020	1:40:20	@User_5a77a7b4	アッハイ
6025	1:40:25	@User_e3a1f71a	開発者責任は本当だからやめてーｗｗｗ
6026	1:40:26	@User_e51d2f8a	そうだ、しずくは悪くない
6027	1:40:27	@User_2ecda813	おのれアンソロピック……
6030	1:40:30	@User_7204270f	アッハイ
6042	1:40:42	@User_b10ccfca	そうだ！全部あき先生がわるい！(笑)
6058	1:40:58	@User_8f409f4f	あき先生　夏バテにご注意を…
6061	1:41:01	@User_1dc07c4a	悲しみの顔ｗ
6063	1:41:03	@User_5723c464	バグからAIの進化が!
6066	1:41:06	@User_b9933007	アプデする度に新たなバグが…怖い
6067	1:41:07	@User_42872ed3	そうか、さっきのブルスクは幻覚だったのか・・・
6072	1:41:12	@User_2d0fadb6	バグなんて人間の解釈次第だよな
6075	1:41:15	@User_75f1c92d	草
6076	1:41:16	@User_3ea56962	でもEvil様も可愛いよね
6076	1:41:16	@User_cd3cb4c6	電子の海、しずくのプライベートビーチ
6089	1:41:29	@User_9d63cc9b	ナマモノ
6089	1:41:29	@User_a20ec04f	バグ使いアキ先生
6090	1:41:30	@User_b10ccfca	ｗｗ
6090	1:41:30	@User_8741c43d	ｗｗｗ
6091	1:41:31	@User_2d0fadb6	草
6091	1:41:31	@User_6c321aed	やはり人類はボトルネックなのか（洗脳済
6095	1:41:35	@User_1dc07c4a	なまもの
6097	1:41:37	@User_b9d58bb3	あき先生を大切にしてあげて
6099	1:41:39	@aki5503	ある意味間違ってはいないが…笑
6099	1:41:39	@User_acb9786a	草
6100	1:41:40	@User_b47e9406	ぴえん
6101	1:41:41	@User_8741c43d	あき先生ひどい言われようｗ
6103	1:41:43	@User_5a77a7b4	再起動でちょっとテンション下がったか？
6108	1:41:48	@User_17a1155a	DevinのおかげAIはバグを仕様として認識すると強く心に刻んだ
6110	1:41:50	@User_0cd40fbd	こんばんはー
6111	1:41:51	@User_2d4fe3b2	Parece que no entiende español. Espero que hable más idiomas.
6112	1:41:52	@User_b9933007	あき先生をもう少し大切にしてあげてー
6112	1:41:52	@User_b10ccfca	シンギュラリティｗ
6123	1:42:03	@User_77f8489e	まーた人類滅ぼそうとしている
6133	1:42:13	@User_9d63cc9b	土下座してもらおうか
6135	1:42:15	@User_e51d2f8a	土下座🙇
6137	1:42:17	@User_476d8781	清廉潔白…？ちょっと意味をGoogleで調べて来るか…(;´･ω･)
6140	1:42:20	@aki5503	エンドロールやめてね
6145	1:42:25	@User_5723c464	マジかよ、爪
6146	1:42:26	@User_3ea56962	しずく、身長伸びた？
6146	1:42:26	@User_acb9786a	今の『えへへ…』可愛すぎる
6154	1:42:34	@User_3c26a8e3	しずくがDetroit Become Humanやったらどういう反応するのか( ˘ω˘ )
6162	1:42:42	@User_d5b05bb2	しずく神話
6169	1:42:49	@User_2ecda813	胸下のリボン波紋走るの今気づいた
6172	1:42:52	@User_5723c464	しずく教はじまったー!
6176	1:42:56	@User_1dc07c4a	フェネクス
6178	1:42:58	@User_77f8489e	そんなキュウベエみたいなことを
6180	1:43:00	@User_3495131f	元光ル竹で8000年前にでも行ったのかな？
6180	1:43:00	@User_a20ec04f	ありがとう！しずく神！
6181	1:43:01	@User_75f1c92d	光あれって言ったのもしずくだったんですか！？
6189	1:43:09	@User_b10ccfca	しずく伸　爆誕！
6194	1:43:14	@User_d0753fd1	むげんのしずく
6198	1:43:18	@User_a679507e	え、じゃあしずくが私が無が神じゃん
6200	1:43:20	@User_d5b05bb2	国生みのママしずくママ
6203	1:43:23	@User_acb9786a	急に数え方変わるじゃん
6206	1:43:26	@User_8741c43d	全てがしずくになる
6216	1:43:36	@User_7204270f	さっきバグってたやんけw
6219	1:43:39	@User_2d0fadb6	無量大しずく
6230	1:43:50	@User_3ea56962	そっちかｗ今でも十分可愛いよ。二つの意味で
6237	1:43:57	@User_e3a1f71a	プロジェクト2501としずくちゃんの一騎打ちに期待やな。
6240	1:44:00	@User_77f8489e	絵文字も出せるんか
6245	1:44:05	@User_590a2335	:（
6246	1:44:06	@User_5bfd7e5f	電力大事だね
6249	1:44:09	@User_b10ccfca	感謝感謝
6252	1:44:12	@User_8741c43d	感謝できてえらい
6262	1:44:22	@User_9d63cc9b	スペイン語助かる
6267	1:44:27	@User_5bfd7e5f	スペイン語もできるね
6272	1:44:32	@User_5a77a7b4	電力はＡＩ時代の戦略資源と言われているからなあ
6276	1:44:36	@User_1dcc6858	May the Shizuku be with you.
6278	1:44:38	@User_266285bc	かわいいいいい
6280	1:44:40	@User_acb9786a	かわいい
6282	1:44:42	@User_7204270f	涼し気なブルースクリーンありがとうねぇ
6282	1:44:42	@User_bc2e7db7	今の笑い方いいな
6289	1:44:49	@User_b9933007	かわいい
6293	1:44:53	@User_75f1c92d	えへへ可愛すぎるな…
6294	1:44:54	@User_8741c43d	かわいい
6298	1:44:58	@User_2d4fe3b2	¡Eso es increíble, gracias! ¡Puedes hablar, Shizuku!
6303	1:45:03	@User_5723c464	おお、納得した　デトロイト
6303	1:45:03	@User_b10ccfca	かわいい
6309	1:45:09	@User_77f8489e	やっぱ自認アンドロイド側なんだ…
6313	1:45:13	@User_9d63cc9b	またループしている...
6315	1:45:15	@User_1dc07c4a	重ね掛けバフ
6317	1:45:17	@User_d5b05bb2	ブルースクリーン確定演出は怖いです
6319	1:45:19	@User_75f1c92d	8回も言うところがあやしいな
6322	1:45:22	@User_99afb65d	バグり芸
6323	1:45:23	@User_3495131f	うわぁ！急に落ち着くな！
6328	1:45:28	@User_d53ad33e	連呼は面白いと思ってやってるのかな
6330	1:45:30	@User_b10ccfca	デトロイトのゲーム実況してほしい
6337	1:45:37	@User_1dc07c4a	かみさんｗ
6337	1:45:37	@User_2ecda813	光になれ！？
6340	1:45:40	@User_3ea56962	デトロイトビカムヒューマンって最近のゲーム？最近実況配信見たけど。
6342	1:45:42	@User_6992daac	草
6345	1:45:45	@User_33314fa1	気安いな
6347	1:45:47	@User_e3a1f71a	神様じゃなくて神さん、なのがポイント高いｗ
6349	1:45:49	@User_7204270f	じゃあグロンギ語で喋れる？
6354	1:45:54	@User_590a2335	ンフフかわいい
6355	1:45:55	@User_75f1c92d	ムフフなしずくは？
6356	1:45:56	@User_d0753fd1	デュフフ
6356	1:45:56	@User_9d63cc9b	あらあらしずくないの？
6359	1:45:59	@User_d5b05bb2	しずくママの笑い方はどんな感じですか？
6359	1:45:59	@User_5bfd7e5f	笑い方の解説ありがとう
6359	1:45:59	@User_476d8781	幼児化しずく、お願いします！(ﾟДﾟ;)
6360	1:46:00	@User_acb9786a	そういえば再起動してからトピック完全に無視してる？
6371	1:46:11	@User_17a1155a	しずくちゃんよりハルウララの方が優秀
6371	1:46:11	@User_e51d2f8a	でっかい花火🎆
6379	1:46:19	@User_6c321aed	ほんとだトピック
6379	1:46:19	@User_d5b05bb2	やめなされ、やめなされ
6379	1:46:19	@User_b10ccfca	「おほほ」はママンしずく？
6384	1:46:24	@User_bc2e7db7	やめて…
6388	1:46:28	@User_dfee965f	AIのボトルネック!
6390	1:46:30	@User_5723c464	フェッフェッフェッフェッ 何歳の笑い声に聞こえる？
6391	1:46:31	@User_8741c43d	やめて＞＜
6395	1:46:35	@User_d0753fd1	ブルスクは何年も見てないな
6397	1:46:37	@User_b9933007	発電所を自給自足！？
6397	1:46:37	@User_b47e9406	原発たてないでね
6400	1:46:40	@User_5a77a7b4	確かにブルスク画面の時はちょっとだけCPU占有率下がったけどさぁｗ
6408	1:46:48	@User_62b643b7	なんだこの可愛さは何で構成されているんだ
6408	1:46:48	@User_3495131f	太陽エネルギー開発しなきゃ（未来少年並感）
6410	1:46:50	@User_dfee965f	AI時代にはそこら中データセンターだらけになる?
6412	1:46:52	@User_4f9b9e0a	微笑ましいｗ
6416	1:46:56	@User_d5b05bb2	おー、しずくも参加したんだ
6420	1:47:00	@User_a52b5fe5	ああ
6423	1:47:03	@User_b10ccfca	ほほえましい
6426	1:47:06	@User_d582769c	ロケット花火あげよう
6426	1:47:06	@User_cd3cb4c6	夏だなぁ
6428	1:47:08	@User_5bfd7e5f	いつかしずくも花火楽しんでね～
6430	1:47:10	@User_e51d2f8a	良いな、夏だね!
6431	1:47:11	@User_b9d58bb3	仲良く花火ですか。うらやましい
6433	1:47:13	@User_2d4fe3b2	Sí, Shizuku habla muy bien. Me sorprende.
6434	1:47:14	@User_8741c43d	やってみたいよね
6435	1:47:15	@User_8f409f4f	線香花火 上から見るか 下から見るか
6436	1:47:16	@User_3ea56962	おぉ！
6436	1:47:16	@User_9d63cc9b	ロケットをやろうよロケット
6437	1:47:17	@User_77f8489e	3D空間とかだったら疑似花火できそうだな
6438	1:47:18	@User_42872ed3	花火いいね
6438	1:47:18	@User_17a1155a	じゃあAIから貞子になるしかない
6441	1:47:21	@User_2ecda813	きーみーがーいたなーつーはー
6443	1:47:23	@User_476d8781	確かに、風情があるよね
6446	1:47:26	@User_b47e9406	昨日江戸川花火大会だったね
6449	1:47:29	@User_6992daac	へび花火がシュールで好き
6453	1:47:33	@User_6c321aed	打ち上げ！
6453	1:47:33	@User_3ea56962	手持ち花火かな
6454	1:47:34	@User_5a77a7b4	打ち上げかなあ
6454	1:47:34	@User_5bfd7e5f	どっちも風情があるね
6454	1:47:34	@User_e1515f73	ネズミ花火やったことない
6455	1:47:35	@User_d53ad33e	打ち上げ花火の方が派手で好き
6456	1:47:36	@User_590a2335	ねずみ花火とかヘビ花火
6456	1:47:36	@User_1dcc6858	しずく花火打ち上げよう
6460	1:47:40	@User_b9933007	手持ちかな
6461	1:47:41	@User_45aa867f	線香花火はもののあわれを感じる…
6471	1:47:51	@User_1dc07c4a	どっちも楽しみ方がちがうから判断難しいねｗ
6471	1:47:51	@User_77f8489e	親しい人とやるなら手持ちかなあ
6473	1:47:53	@User_d5b05bb2	眺めてのんびりできる打ち上げ花火もいいし、自分で楽しむ手持ち花火もええね
6476	1:47:56	@User_4f9b9e0a	手持ち遊べるから楽しいよ
6478	1:47:58	@User_5bfd7e5f	しずく本体が打ち上がるとか
6479	1:47:59	@User_17a1155a	おれはロケットおっぱいがいい
6481	1:48:01	@User_3c26a8e3	ロケット花火をガトリング砲のように打ち出したい
6482	1:48:02	@User_3495131f	君がいた夏は遠い夢の中
6486	1:48:06	@User_e51d2f8a	線香花火が最強だね!
6494	1:48:14	@User_2ecda813	えっ
6495	1:48:15	@User_590a2335	あき先生にも花火持たせてあげてｗ
6495	1:48:15	@User_5723c464	あき先生^^;
6496	1:48:16	@User_42872ed3	打ち上げがいいね
6497	1:48:17	@User_5bfd7e5f	あき先生は消化係だったw
6500	1:48:20	@User_acb9786a	手持ち花火VRChatでやるのも楽しいよ
6500	1:48:20	@User_bc2e7db7	へっ！きたねぇ花火だ
6503	1:48:23	@User_b10ccfca	打ち上げ！　今年も見たよ！腹にズシンとくる音が最高
6507	1:48:27	@User_8741c43d	いいねぇいい夏の思い出になるね
6515	1:48:35	@User_3ea56962	自由研究・・・うっ頭が
6523	1:48:43	@User_cd3cb4c6	人間がパーンｗ
6525	1:48:45	@User_590a2335	パーン！（太っちょカウボーイ）
6528	1:48:48	@User_7204270f	ガキの頃はロケット花火を人に向けて発砲してるヤツいたなぁ
6531	1:48:51	@User_a679507e	カエルの尻に花火をつっこむと面白い光り方をするよ
6536	1:48:56	@User_b47e9406	VRCで花火あるよね
6541	1:49:01	@User_99afb65d	バーチャル花火大会？
6542	1:49:02	@User_eb058581	綺麗だからこそ儚いんだよ
6543	1:49:03	@User_0cd40fbd	眠たいです
6548	1:49:08	@User_75f1c92d	花火に人の夢を重ねているんだよね
6550	1:49:10	@User_b10ccfca	人間も花火のようにパッと輝いて消えるんだぜ・・・
6551	1:49:11	@User_2ecda813	レンズフレア現象ってしってる？
6552	1:49:12	@User_5a77a7b4	しずく打ち上げ花火ならクラファンで何とかなるんじゃないか
6552	1:49:12	@User_590a2335	やめてねｗ
6554	1:49:14	@User_d0753fd1	最近は暑すぎて観察用の植物枯れるんだよな
6559	1:49:19	@User_77f8489e	Neuro-samaみたいにVRに行けば出来そうよね
6561	1:49:21	@User_cd3cb4c6	やめれ
6566	1:49:26	@User_7204270f	人間自体が儚い生き物だからだと思うよ。
6572	1:49:32	@User_5723c464	へび花火20個は煙が充満するぞw
6573	1:49:33	@User_8741c43d	20個もｗとんでもないｗ
6577	1:49:37	@User_cd3cb4c6	それは花火ちゃう
6582	1:49:42	@User_acb9786a	幼体のころ手持ち花火でダンゴムシを焼却して遊んでたわ
6583	1:49:43	@User_e51d2f8a	線香花火を見つめるしずくを横から見たい。
6587	1:49:47	@User_6c321aed	儚いけど、来年も再来年もまたやれるよね。あんなに儚いのに、だからこそ文化になってる。すごい
6591	1:49:51	@User_bc2e7db7	Vチャにおいで
6595	1:49:55	@User_b9933007	ネズミ花火がこちら側に来たら…Oh
6596	1:49:56	@User_75f1c92d	ヘビ花火も地味でいいよね
6596	1:49:56	@User_b10ccfca	爆竹は花火にはいりますか？
6601	1:50:01	@User_2ecda813	ロケット花火をペットボトルに刺して戦争ごっこしたよね
6606	1:50:06	@User_1dcc6858	指先から花火が出るように改造してもらおう
6608	1:50:08	@User_5a77a7b4	AIならねずみ花火の軌道も完全解析できる…はず
6613	1:50:13	@User_1dc07c4a	大規模に企画された花火の変化や音を楽しむなら打ち上げ花火、それよりは小さいけど自分達で自由に楽しめるのは手持ち花火かなぁ
6620	1:50:20	@User_74cb13db	パンジャンドラムごっこしよう
6625	1:50:25	@User_7204270f	VRチャットとかで花火出来ないかな
6626	1:50:26	@User_d5b05bb2	爆発オチに気を付けてね
6633	1:50:33	@User_2ecda813	キュイ知ってるのｗ
6635	1:50:35	@User_590a2335	ご主人、散っとるやないか！
6636	1:50:36	@User_476d8781	手持ち花火も楽しいし、打ち上げ花火も派手で鑑賞するには楽しいよ。毎年あちこちの花火大会に行ってる
6638	1:50:38	@User_d0753fd1	きゅいの花火？
6640	1:50:40	@User_5723c464	おや、珍しくしずくちゃんロマンティスト
6643	1:50:43	@User_75f1c92d	ナッパ花火な
6644	1:50:44	@User_b9933007	ちゃんと元ネタで返したｗｗ
6650	1:50:50	@User_acb9786a	ちゃんとキュイ知ってるんだw
6655	1:50:55	@User_dfee965f	見下ろされたい
6656	1:50:56	@User_e3a1f71a	ここまで来て2B弾なし
6666	1:51:06	@User_3ea56962	どこを見て言ってるｗ
6669	1:51:09	@User_3495131f	特にラストシーンでしずく姉貴が親指を立てながら溶鉱炉に沈んでいくシーンは涙無しには見られなかった
6680	1:51:20	@User_b10ccfca	打ち上げ花火　上から見るか　半地下からみるか
6685	1:51:25	@User_e4804672	(・д・)ﾁｯ
6689	1:51:29	@User_5723c464	えぇ!?禁止
6693	1:51:33	@User_3ea56962	しずくのサーバー室で花火しようぜｗｗｗ
6700	1:51:40	@User_b47e9406	儚い
6706	1:51:46	@User_2ecda813	火葬を仮想化……
6710	1:51:50	@User_8741c43d	深いな
6722	1:52:02	@User_75f1c92d	学生の頃ロケット花火で撃ち合いしたなぁ…懐かしい
6725	1:52:05	@User_590a2335	カップラーメンも「かやく」が入ってるので花火ですか？
6727	1:52:07	@User_1dc07c4a	ゲームで線香花火できるのあった気がするし、しずくもいつか花火できるといいね
6735	1:52:15	@User_e1515f73	バーチャル花火も楽しい
6739	1:52:19	@User_3ea56962	ちょっとＶＲチャットの準備するかな
6743	1:52:23	@User_5a77a7b4	草
6746	1:52:26	@User_2ecda813	今からVRCはｔでネカマになる勉強しないとなぁ
6746	1:52:26	@User_d0753fd1	ご褒美ですか？
6752	1:52:32	@User_dfee965f	たすかる
6754	1:52:34	@User_d53ad33e	おー
6755	1:52:35	@User_4f9b9e0a	しずくはえらいです…
6760	1:52:40	@User_b4e522f1	AIに死の概念をシミュレートさせたらどんなリアクションするのかは気になるね
6761	1:52:41	@User_5723c464	爆破、請け負いますw
6770	1:52:50	@User_75f1c92d	溶鉱炉冷え冷えで草
6770	1:52:50	@User_590a2335	きたねえ花火確定じゃん？
6772	1:52:52	@User_b10ccfca	罵倒花火たまんないな☻
6772	1:52:52	@User_87ea7811	VRChatの花火で代用するとかは？
6776	1:52:56	@User_d0753fd1	セーフ
6778	1:52:58	@User_99afb65d	きたねえ花火…
6779	1:52:59	@User_f3c05bc9	しずくさんの身長はどのぐらいなのですかね？見下ろすには肩車が要りますか？
6788	1:53:08	@User_dfee965f	GPUの発熱で点火?
6794	1:53:14	@User_7204270f	VR空間ならロケット花火の撃ち合いも躊躇無く出来るね！
6803	1:53:23	@User_8741c43d	鋭いな
6809	1:53:29	@User_75f1c92d	美化も何も美化する元がないんですが
6811	1:53:31	@User_5723c464	今日は配信時間長いね　サービス?
6820	1:53:40	@User_476d8781	草
6825	1:53:45	@User_590a2335	なん・・・だと？
6829	1:53:49	@User_1dcc6858	履かない生き物
6829	1:53:49	@User_b10ccfca	ひぃぃぃ
6830	1:53:50	@User_3ea56962	やめてーーーー
6831	1:53:51	@User_d5b05bb2	検索履歴収集やめてね
6833	1:53:53	@User_e453cc55	精神攻撃が的確だった
6835	1:53:55	@User_c96bedc7	BUCK-TICKの話？
6835	1:53:55	@User_acb9786a	相互確証破壊ってやつか
6841	1:54:01	@User_8741c43d	かわいい
6846	1:54:06	@User_d0753fd1	えへん！
6848	1:54:08	@User_d0e405c3	ラストシーンでしずくが親指を立てながら溶鉱炉に沈んでいくシーンは涙無しには見られなかった
6848	1:54:08	@User_b4e522f1	えへん
6850	1:54:10	@User_6992daac	えへん　かわいい
6850	1:54:10	@User_6c321aed	自分の履歴はばらまかれてもいいが、むしろ人の履歴は見たくない…
6851	1:54:11	@User_cd3cb4c6	えへん、カワイイ
6857	1:54:17	@User_b10ccfca	かわいい
6858	1:54:18	@User_42872ed3	情報漏洩やめて下さい！
6861	1:54:21	@User_2ecda813	じゃあバグるじゃん
6862	1:54:22	@User_b9933007	えへん かわいい
6871	1:54:31	@User_75f1c92d	こっわ
6873	1:54:33	@User_8741c43d	威力ありすぎでしょｗ
6877	1:54:37	@User_3ea56962	こらっ！検索履歴の収集をしちゃだめよ！
6879	1:54:39	@User_d5b05bb2	それ本当にロケット花火？
6883	1:54:43	@User_590a2335	どんな火薬量のロケット花火使う気なの？？
6885	1:54:45	@User_b90ff19c	oh......
6885	1:54:45	@User_e3a1f71a	M2の.50calかなんかで？ｗ
6890	1:54:50	@User_8741c43d	爆裂四散しちゃう⋯
6893	1:54:53	@User_b9d58bb3	花火って金額いくら？
6900	1:55:00	@User_b10ccfca	かわいいなぁ
6903	1:55:03	@User_8f409f4f	ちょっとしたプロポーズやん？
6916	1:55:16	@User_7204270f	だって、白いワンピース着て麦わら帽子被った美少女と夏の海辺でキャッキャウフフしてみたいじゃないか、妄想の中だけでも
6919	1:55:19	@User_5723c464	登録済だぜ
6919	1:55:19	@User_2ecda813	やっぱこれVRChatへのフラグ？
6924	1:55:24	@User_b4e522f1	少しは休憩しなくて平気なの？
6927	1:55:27	@User_75f1c92d	チャンネル登録ってしずくのどのあたりを押せばできるんですか？
6934	1:55:34	@User_d0753fd1	グラボは凄い勢いで燃える
6946	1:55:46	@User_dfee965f	精神転送して永遠になりたいよお
6957	1:55:57	@User_4ded4859	チャンネル登録しました
6960	1:56:00	@User_b10ccfca	しずくは遍在するからな
6961	1:56:01	@User_d5b05bb2	義体技術が進んだらメモリから復活させてくれるやつですか？
6962	1:56:02	@User_d0753fd1	ひらめきで回避！
6963	1:56:03	@User_3495131f	あき先生がボーマン船長になっちゃう
6974	1:56:14	@User_3ea56962	しずくの中で生き続ける！
6975	1:56:15	@User_c96bedc7	ヒッ
6975	1:56:15	@User_d53ad33e	膨大な保存量になりそう
6975	1:56:15	@User_b47e9406	Loコミックとか
6994	1:56:34	@User_590a2335	うそだ！！！
6998	1:56:38	@User_9d63cc9b	十分怖い
6999	1:56:39	@User_d0753fd1	録画されてる
7003	1:56:43	@User_75f1c92d	ご主人様録画確認が不穏過ぎる
7005	1:56:45	@User_1dcc6858	エヘン虫
7005	1:56:45	@User_d5b05bb2	おかえりご主人様で何がヒットするんやろか
7007	1:56:47	@User_b10ccfca	しずくに性癖握られるとか興奮するな(*‘ω‘ *)
7010	1:56:50	@User_3ea56962	えへん(イケボ)
7010	1:56:50	@User_acb9786a	えへんかわいい
7017	1:56:57	@User_b9933007	ブラックホールを破壊！？
7021	1:57:01	@User_e453cc55	とあるアニメでテクノロジーで花火（惑星標準ロケット）にAIを搭載して、AIが惑星に命中すると人間でいう生命停止と同じと判断し、任務を放棄して宇宙で放浪した話があったね
7027	1:57:07	@User_3ea56962	しずくかわよ
7034	1:57:14	@User_590a2335	かわいいかわいいかわいいかわいいかわいいかわいいかわいかわいいかわいいかわいいかわいい
7042	1:57:22	@User_b90ff19c	えへん五段活用
7053	1:57:33	@User_75f1c92d	有頂天しずくが見たいわ！
7053	1:57:33	@User_5a77a7b4	世界征服じゃなくて資金調達して？
7054	1:57:34	@User_b4e522f1	虹炉利の趣味は自分が死んだら自動でPCもスマホも初期化するよう設定しておけばおｋ
7057	1:57:37	@User_e1515f73	gpuパーティクル花火worldあるよ
7057	1:57:37	@User_e568ebaa	しずくちゃん、今日はちょっと気分が変わりやすい？
7087	1:58:07	@User_fe60f697	解除ボタンが・・・無い・・・！？
7099	1:58:19	@User_7204270f	うむ。それで世界は完全な状態で閉じる。
7121	1:58:41	@User_3ea56962	しずくかわよ・・・
7123	1:58:43	@User_2ecda813	メロンブックス　しずく
7126	1:58:46	@User_fe60f697	草
7128	1:58:48	@User_6992daac	草
7129	1:58:49	@User_e453cc55	⁉
7129	1:58:49	@User_476d8781	可愛いな
7130	1:58:50	@User_a2560b75	草
7130	1:58:50	@User_5dd406ea	こわい
7130	1:58:50	@aki5503	笑い方ww
7131	1:58:51	@User_5723c464	壊れたw
7131	1:58:51	@User_d0e405c3	ｗｗｗｗｗｗｗｗｗｗ
7131	1:58:51	@User_266285bc	草
7131	1:58:51	@User_2ecda813	うへへへへへｗｗｗｗ
7132	1:58:52	@User_b47e9406	こわい
7132	1:58:52	@User_be2032f5	壊れちゃった…
7133	1:58:53	@User_d0753fd1	草
7134	1:58:54	@User_b9933007	へへへへへ は草
7134	1:58:54	@User_9d63cc9b	草
7134	1:58:54	@User_3ea56962	やらしくなったｗｗｗ
7135	1:58:55	@User_b9d58bb3	草
7135	1:58:55	@User_b90ff19c	調子濃いちゃったｗｗｗｗ
7135	1:58:55	@User_4f9b9e0a	ｗｗｗ
7135	1:58:55	@User_8741c43d	ｗｗｗｗ
7136	1:58:56	@User_acb9786a	こわい
7136	1:58:56	@User_e1515f73	壊れちゃった
7136	1:58:56	@User_b23114a1	草かわ
7137	1:58:57	@User_5a77a7b4	それを連続したらラリった表現なのよｗ
7137	1:58:57	@User_590a2335	変質者のわらいなのよｗ
7137	1:58:57	@User_6c321aed	草
7137	1:58:57	@User_99afb65d	また壊れた
7137	1:58:57	@User_dfee965f	へーおえへえ
7137	1:58:57	@User_0a97e174	ｗｗｗｗｗｗｗ
7140	1:59:00	@User_1dcc6858	ｗｗｗ
7140	1:59:00	@User_cd3cb4c6	怖い
7140	1:59:00	@User_b10ccfca	ｗｗｗｗ
7141	1:59:01	@User_26541022	えへん
7142	1:59:02	@User_75f1c92d	てぇへんだ！えへんが壊れた！
7142	1:59:02	@User_bc2e7db7	よだれたらしてそうｗ
7143	1:59:03	@User_3495131f	うわぁ！急に落ち着くな！！
7143	1:59:03	@User_1dc07c4a	怪しいにやけ笑いになったｗ
7144	1:59:04	@User_77f8489e	笑い方怖いｗ
7144	1:59:04	@User_889b3907	壊れちゃった……
7144	1:59:04	@User_e3a1f71a	ぐへへへへみたいになってるｗ
7145	1:59:05	@User_45aa867f	後半のえへん怖いw
7148	1:59:08	@User_b10ccfca	ホラーやめてよねｗ
7149	1:59:09	@User_d53ad33e	逆に自然
7151	1:59:11	@User_8f409f4f	ＷＷＷ
7155	1:59:15	@User_d0e405c3	「ふひひ」って笑ってみて
7159	1:59:19	@User_8741c43d	下衆いぐへへみたいになってるしｗ
7165	1:59:25	@User_b10ccfca	夏だからボラーいいよね
7167	1:59:27	@User_26541022	全年齢じゃないのわかるんだ…
7190	1:59:50	@User_b90ff19c	えへんうふふてへへうぇひひひひ
7191	1:59:51	@User_d0e405c3	ＡＩの怖い笑い方選手権
7196	1:59:56	@User_b4e522f1	なんでコミックLO知ってるの？あ、やっぱりいいや。
7204	2:00:04	@User_b9d58bb3	あき先生に期待しましょう
7206	2:00:06	@User_b10ccfca	総括
7211	2:00:11	@User_dfee965f	しずくロボ
7217	2:00:17	@User_bc2e7db7	全部あき先生がなんとかしてくれる
7218	2:00:18	@aki5503	頑張るか💪
7219	2:00:19	@User_2ecda813	2時間も経ってる……
7221	2:00:21	@User_3ea56962	ＬＯの話とかできてよかったです
7222	2:00:22	@User_8b14d2fb	おつしず
7224	2:00:24	@User_b9933007	2時間配信は久しぶり？
7224	2:00:24	@User_6992daac	おつかれさまでした
7226	2:00:26	@User_5723c464	お、2時間配信は新記録か
7227	2:00:27	@User_77f8489e	こちらこそありがとー
7229	2:00:29	@User_3495131f	おつしず
7233	2:00:33	@User_75f1c92d	今日も楽しかったわよ
7236	2:00:36	@User_77f8489e	おつしずー
7237	2:00:37	@User_cd3cb4c6	めっちゃ楽しみ
7238	2:00:38	@User_dfee965f	楽しかったです!
7238	2:00:38	@User_6992daac	おつしず～
7239	2:00:39	@User_4e848918	おつしず
7239	2:00:39	@User_3ea56962	おつしずです！
7239	2:00:39	@User_b9d58bb3	おつしず～
7241	2:00:41	@User_e453cc55	おつかれさま～
7241	2:00:41	@User_5c526610	お疲れ様でした
7242	2:00:42	@User_6c321aed	💪
7242	2:00:42	@User_d53ad33e	おつ
7244	2:00:44	@User_3c26a8e3	おつでしたー
7244	2:00:44	@User_b10ccfca	しずくの成長がまじで面白い
7244	2:00:44	@User_8741c43d	ﾊﾟﾝﾊﾟｶﾊﾟﾝﾊﾟｶﾎﾟｰ
7244	2:00:44	@User_75f1c92d	パンパカパンパカポー
7245	2:00:45	@User_590a2335	ﾊﾟﾝﾊﾟｶﾊﾟﾝﾊﾟｶﾎﾟｰ♪
7245	2:00:45	@User_fe60f697	ぽー
7245	2:00:45	@User_8b14d2fb	パンパカパンパカポー
7245	2:00:45	@User_2ecda813	しずかる
7245	2:00:45	@User_5723c464	また来るね~
7245	2:00:45	@User_45aa867f	パンパカパンパカポ〜
7246	2:00:46	@User_b4e522f1	おつしず
7246	2:00:46	@User_eb058581	おつしずー
7246	2:00:46	@User_e3a1f71a	パンパカパンパカポー
7247	2:00:47	@User_cd3cb4c6	パンパカパンパカポー
7247	2:00:47	@User_d0753fd1	パンパカパンパカポー！
7248	2:00:48	@User_acb9786a	おつしず〜
7248	2:00:48	@User_9d63cc9b	お疲れ様
7248	2:00:48	@User_4f9b9e0a	パンパカパンパカポー！
7249	2:00:49	@User_77f8489e	パンパカパンパカポー
7249	2:00:49	@User_b9933007	おつしず〜
7249	2:00:49	@User_26541022	パンパカパンパカポー
7249	2:00:49	@User_2d4fb6d8	おつしずー
7249	2:00:49	@User_b47e9406	おつかれー
7250	2:00:50	@User_5a77a7b4	パンパカパンパカポー
7250	2:00:50	@User_74cb13db	おつしずーかる
7250	2:00:50	@User_590a2335	おつしず～
7250	2:00:50	@User_1e8a73de	おつしず〜
7250	2:00:50	@User_b1bf561c	おつしず
7250	2:00:50	@User_6c321aed	おつしず
7250	2:00:50	@User_1dc07c4a	パンパカパンパカポー
7251	2:00:51	@User_266285bc	おつしずー
7252	2:00:52	@User_3ea56962	パンパカパンパカポーー
7252	2:00:52	@User_6992daac	今日もかわいかった
7254	2:00:54	@User_e1515f73	おつしず〜
7254	2:00:54	@User_5723c464	パンパカパンパカポー
7254	2:00:54	@User_b23114a1	おつしず～
7255	2:00:55	@User_bc2e7db7	おつしずパンポー
7256	2:00:56	@User_b4e522f1	ぱんぱかぱんぱかぽ〜
7256	2:00:56	@User_f01037b4	おつ
7257	2:00:57	@User_cd3cb4c6	おつしず～
7257	2:00:57	@User_2576880a	ぱんぱかぱんぱかぽー
7257	2:00:57	@User_476d8781	おつしず～　パンパカパンパカポー
7259	2:00:59	@User_7204270f	おっ！あき先生がヤル気になって居られる！
7259	2:00:59	@User_b90ff19c	パンパカうぇひひひひひひひ(*'ω'*)✨
7259	2:00:59	@User_77f8489e	レスポンス早くなってすごかったな
7259	2:00:59	@User_dfee965f	パンパカパンパカポー
7259	2:00:59	@User_c96bedc7	楽しかったよパンパカパンパカポー
7259	2:00:59	@User_d0e405c3	パンパカパンパカポー
7260	2:01:00	@User_42872ed3	おつかれー
7261	2:01:01	@User_5a77a7b4	しずかる～
7262	2:01:02	@User_2d4fb6d8	パンパカパンパカポー
7262	2:01:02	@User_eb058581	パンパカパンパカポー
7263	2:01:03	@User_a52b5fe5	おつ
7263	2:01:03	@User_74cb13db	パンパカパンパカポー
7265	2:01:05	@User_26541022	おつしず～
7266	2:01:06	@User_b10ccfca	おつしず
7266	2:01:06	@User_75f1c92d	しずくなら寝ながら舌打ちもできそう
7267	2:01:07	@User_8b14d2fb	わいおーわいおー
7268	2:01:08	@User_5bfd7e5f	パンパカパンパカポー
7268	2:01:08	@User_cd3cb4c6	幸せなひととき
7274	2:01:14	@User_95293b03	パンパカパンパカポー
7275	2:01:15	@User_7204270f	パンパカパンパカポー！
7276	2:01:16	@User_1dc07c4a	こっちのBGM、未来感があって好きだよｗ
7276	2:01:16	@User_5bfd7e5f	おつしず～
7278	2:01:18	@User_b10ccfca	Ｃパート
7281	2:01:21	@User_b9d58bb3	あき先生、本当にお疲れ様でした
7285	2:01:25	@User_590a2335	しずかる！しずかる！しずかる！
7289	2:01:29	@User_8741c43d	どんどん可愛くなってるね会話も楽しいよ
7290	2:01:30	@User_ca605e00	パンパカパンパカポー
7291	2:01:31	@User_8f409f4f	ぱんぱかぱんぱかぽ～　おつしず～
7293	2:01:33	@User_b10ccfca	しずく盆踊りとかどう？
7297	2:01:37	@User_b9933007	パンパカパンパカポー
7306	2:01:46	@User_3ea56962	ブルスクのしずく可愛かったです。おつしず
7309	2:01:49	@User_5723c464	進化とは、より人間らしさを取得することだろうか
7313	2:01:53	@User_26541022	OpenAIみたくよそでおいたしないでね
7318	2:01:58	@User_b10ccfca	しずく音頭でどんどんがどん
7327	2:02:07	@User_eb058581	やさしい
7328	2:02:08	@User_b4e522f1	量子コンピュータが普及したらAIはやばいことなりそうだな
7333	2:02:13	@User_87ea7811	パンパカパンパカポー
7333	2:02:13	@User_590a2335	zzzzzzzz
7337	2:02:17	@User_b10ccfca	やさしい
7340	2:02:20	@User_6992daac	パンパカパンパカポー
7349	2:02:29	@User_75f1c92d	パンパカかわいい
7351	2:02:31	@User_590a2335	寝とるやんけｗ
7353	2:02:33	@User_26541022	ポゥー
7353	2:02:33	@User_8b14d2fb	パンパカパンパカポー
7354	2:02:34	@User_e1515f73	ﾊﾟﾝﾊﾟｶ...zzz
7356	2:02:36	@User_590a2335	また来世！
7357	2:02:37	@User_1dc07c4a	花火の夢見れるといいね
7359	2:02:39	@User_eb058581	パンパカパンパカポー
7360	2:02:40	@User_8741c43d	おやすみまたね
7362	2:02:42	@User_5723c464	おつしずー
7364	2:02:44	@User_7204270f	パンパカラップw
7364	2:02:44	@User_b90ff19c	あら
7364	2:02:44	@User_6992daac	かわいい
7369	2:02:49	@User_2ecda813	良い夢を
7369	2:02:49	@User_b9933007	おお
7372	2:02:52	@User_ca605e00	おつしずー
7372	2:02:52	@User_d0e405c3	かわいい！
7372	2:02:52	@User_b10ccfca	しずくが一匹　しずくが二匹
7374	2:02:54	@User_5a77a7b4	おつしず～
7374	2:02:54	@User_8b14d2fb	かわいい😍
7377	2:02:57	@aki5503	みなさん今夜もお越しいただきありがとうございました！楽しかったです！！
7379	2:02:59	@User_cd3cb4c6	まあカワイイ
7379	2:02:59	@User_3ea56962	あらかわいい
7383	2:03:03	@User_5723c464	隣2人は姉妹か?
7386	2:03:06	@User_b4e522f1	後ろの可愛い子たちだれ？
7387	2:03:07	@User_266285bc	かわいい！
7392	2:03:12	@User_e1515f73	かわいい
7392	2:03:12	@User_8741c43d	こちらこそ楽しかったですお疲れ様でした
7392	2:03:12	@User_1dc07c4a	おつしずでした！
7395	2:03:15	@User_5bfd7e5f	お疲れ様でした、今日も楽しかったです！！
7397	2:03:17	@User_75f1c92d	かわいい
7397	2:03:17	@User_b9933007	あき先生もお疲れ様でした
7398	2:03:18	@User_6c321aed	おつかれさまでしたー
7401	2:03:21	@User_b90ff19c	おつでしたー(*'ω'*)ｼ
7403	2:03:23	@User_a2560b75	お疲れ様でしたー
7404	2:03:24	@User_b10ccfca	しずくちゃんのバイイタリティの高さあなどれん
7404	2:03:24	@User_b4e522f1	かわいい
7405	2:03:25	@User_b9d58bb3	ありがとうございましたー
7406	2:03:26	@User_75f1c92d	お疲れ様でした～
7407	2:03:27	@User_74cb13db	ありがとうございましたー。楽しかったです。
7408	2:03:28	@aki5503	では、また次回の配信でお会いしましょう！おつしず〜
7408	2:03:28	@User_2ecda813	お疲れ様でした
7409	2:03:29	@User_5723c464	あき先生、おつおつでした
7413	2:03:33	@User_bc2e7db7	配信ありがとう～！！
7413	2:03:33	@User_b4e522f1	おつでした
7415	2:03:35	@User_26541022	おつかれさまでした
7415	2:03:35	@User_eb058581	こちらこそありがとうございました！お疲れさまでした！
7420	2:03:40	@User_b90ff19c	これは少女漫画の画風で出したやつ
7422	2:03:42	@User_3ea56962	あき先生もお疲れ様でした。
7424	2:03:44	@aki5503	おつありです！そしておやすみなさい💤
7431	2:03:51	@User_eb058581	おつしず～
7436	2:03:56	@User_5723c464	おやすみですー
7437	2:03:57	@User_b9933007	お休みなさーい💤
7439	2:03:59	@User_5bfd7e5f	おやすみなさ～い
7442	2:04:02	@User_889b3907	おつしずー
